ISO-10303-21;
HEADER;
/* Generated by software containing ST-Developer
 * from STEP Tools, Inc. (www.steptools.com) 
 */
/* OPTION: using custom schema-name function */

FILE_DESCRIPTION(
/* description */ (''),
/* implementation_level */ '2;1');

FILE_NAME(
/* name */ 'ASPE_2025_8_MOUNT FOOT TO FLANGE 3R.stp',
/* time_stamp */ '2025-04-20T20:40:01-07:00',
/* author */ (''),
/* organization */ (''),
/* preprocessor_version */ 'ST-DEVELOPER v19.4',
/* originating_system */ 'SIEMENS PLM Software NX2212.8301',
/* authorisation */ '');

FILE_SCHEMA (('AUTOMOTIVE_DESIGN { 1 0 10303 214 3 1 1 1 }'));
ENDSEC;

DATA;
#10=SHAPE_REPRESENTATION_RELATIONSHIP('None',
'relationship between Foot mount housing for flange mount spindle-None
 and Foot mount housing for flange mount spindle-None',#22,#11);
#11=ADVANCED_BREP_SHAPE_REPRESENTATION(
'Foot mount housing for flange mount spindle-None',(#166),#3285);
#12=SHAPE_DEFINITION_REPRESENTATION(#13,#22);
#13=PRODUCT_DEFINITION_SHAPE('','',#14);
#14=PRODUCT_DEFINITION(' ','',#16,#15);
#15=PRODUCT_DEFINITION_CONTEXT('part definition',#21,'design');
#16=PRODUCT_DEFINITION_FORMATION_WITH_SPECIFIED_SOURCE(' ',' ',#18,
 .NOT_KNOWN.);
#17=PRODUCT_RELATED_PRODUCT_CATEGORY('part','',(#18));
#18=PRODUCT('Foot mount housing for flange mount spindle',
'Foot mount housing for flange mount spindle',' ',(#19));
#19=PRODUCT_CONTEXT(' ',#21,'mechanical');
#20=APPLICATION_PROTOCOL_DEFINITION('international standard',
'automotive_design',2010,#21);
#21=APPLICATION_CONTEXT(
'core data for automotive mechanical design processes');
#22=SHAPE_REPRESENTATION(
'Foot mount housing for flange mount spindle-None',(#1908),#3285);
#23=OVER_RIDING_STYLED_ITEM('',(#45),#346,#43);
#24=OVER_RIDING_STYLED_ITEM('',(#46),#347,#43);
#25=OVER_RIDING_STYLED_ITEM('',(#47),#348,#43);
#26=OVER_RIDING_STYLED_ITEM('',(#48),#349,#43);
#27=OVER_RIDING_STYLED_ITEM('',(#49),#360,#43);
#28=OVER_RIDING_STYLED_ITEM('',(#50),#361,#43);
#29=OVER_RIDING_STYLED_ITEM('',(#51),#362,#43);
#30=OVER_RIDING_STYLED_ITEM('',(#52),#363,#43);
#31=OVER_RIDING_STYLED_ITEM('',(#53),#364,#43);
#32=OVER_RIDING_STYLED_ITEM('',(#54),#365,#43);
#33=OVER_RIDING_STYLED_ITEM('',(#55),#366,#43);
#34=OVER_RIDING_STYLED_ITEM('',(#56),#367,#43);
#35=OVER_RIDING_STYLED_ITEM('',(#57),#368,#43);
#36=OVER_RIDING_STYLED_ITEM('',(#58),#369,#43);
#37=OVER_RIDING_STYLED_ITEM('',(#59),#376,#43);
#38=OVER_RIDING_STYLED_ITEM('',(#60),#377,#43);
#39=OVER_RIDING_STYLED_ITEM('',(#61),#378,#43);
#40=OVER_RIDING_STYLED_ITEM('',(#62),#379,#43);
#41=OVER_RIDING_STYLED_ITEM('',(#63),#380,#43);
#42=PRESENTATION_LAYER_ASSIGNMENT('1','Layer 1',(#166));
#43=STYLED_ITEM('',(#44),#166);
#44=PRESENTATION_STYLE_ASSIGNMENT((#64));
#45=PRESENTATION_STYLE_ASSIGNMENT((#65));
#46=PRESENTATION_STYLE_ASSIGNMENT((#66));
#47=PRESENTATION_STYLE_ASSIGNMENT((#67));
#48=PRESENTATION_STYLE_ASSIGNMENT((#68));
#49=PRESENTATION_STYLE_ASSIGNMENT((#69));
#50=PRESENTATION_STYLE_ASSIGNMENT((#70));
#51=PRESENTATION_STYLE_ASSIGNMENT((#71));
#52=PRESENTATION_STYLE_ASSIGNMENT((#72));
#53=PRESENTATION_STYLE_ASSIGNMENT((#73));
#54=PRESENTATION_STYLE_ASSIGNMENT((#74));
#55=PRESENTATION_STYLE_ASSIGNMENT((#75));
#56=PRESENTATION_STYLE_ASSIGNMENT((#76));
#57=PRESENTATION_STYLE_ASSIGNMENT((#77));
#58=PRESENTATION_STYLE_ASSIGNMENT((#78));
#59=PRESENTATION_STYLE_ASSIGNMENT((#79));
#60=PRESENTATION_STYLE_ASSIGNMENT((#80));
#61=PRESENTATION_STYLE_ASSIGNMENT((#81));
#62=PRESENTATION_STYLE_ASSIGNMENT((#82));
#63=PRESENTATION_STYLE_ASSIGNMENT((#83));
#64=SURFACE_STYLE_USAGE(.BOTH.,#84);
#65=SURFACE_STYLE_USAGE(.BOTH.,#85);
#66=SURFACE_STYLE_USAGE(.BOTH.,#86);
#67=SURFACE_STYLE_USAGE(.BOTH.,#87);
#68=SURFACE_STYLE_USAGE(.BOTH.,#88);
#69=SURFACE_STYLE_USAGE(.BOTH.,#89);
#70=SURFACE_STYLE_USAGE(.BOTH.,#90);
#71=SURFACE_STYLE_USAGE(.BOTH.,#91);
#72=SURFACE_STYLE_USAGE(.BOTH.,#92);
#73=SURFACE_STYLE_USAGE(.BOTH.,#93);
#74=SURFACE_STYLE_USAGE(.BOTH.,#94);
#75=SURFACE_STYLE_USAGE(.BOTH.,#95);
#76=SURFACE_STYLE_USAGE(.BOTH.,#96);
#77=SURFACE_STYLE_USAGE(.BOTH.,#97);
#78=SURFACE_STYLE_USAGE(.BOTH.,#98);
#79=SURFACE_STYLE_USAGE(.BOTH.,#99);
#80=SURFACE_STYLE_USAGE(.BOTH.,#100);
#81=SURFACE_STYLE_USAGE(.BOTH.,#101);
#82=SURFACE_STYLE_USAGE(.BOTH.,#102);
#83=SURFACE_STYLE_USAGE(.BOTH.,#103);
#84=SURFACE_SIDE_STYLE('',(#104));
#85=SURFACE_SIDE_STYLE('',(#105));
#86=SURFACE_SIDE_STYLE('',(#106));
#87=SURFACE_SIDE_STYLE('',(#107));
#88=SURFACE_SIDE_STYLE('',(#108));
#89=SURFACE_SIDE_STYLE('',(#109));
#90=SURFACE_SIDE_STYLE('',(#110));
#91=SURFACE_SIDE_STYLE('',(#111));
#92=SURFACE_SIDE_STYLE('',(#112));
#93=SURFACE_SIDE_STYLE('',(#113));
#94=SURFACE_SIDE_STYLE('',(#114));
#95=SURFACE_SIDE_STYLE('',(#115));
#96=SURFACE_SIDE_STYLE('',(#116));
#97=SURFACE_SIDE_STYLE('',(#117));
#98=SURFACE_SIDE_STYLE('',(#118));
#99=SURFACE_SIDE_STYLE('',(#119));
#100=SURFACE_SIDE_STYLE('',(#120));
#101=SURFACE_SIDE_STYLE('',(#121));
#102=SURFACE_SIDE_STYLE('',(#122));
#103=SURFACE_SIDE_STYLE('',(#123));
#104=SURFACE_STYLE_FILL_AREA(#124);
#105=SURFACE_STYLE_FILL_AREA(#125);
#106=SURFACE_STYLE_FILL_AREA(#126);
#107=SURFACE_STYLE_FILL_AREA(#127);
#108=SURFACE_STYLE_FILL_AREA(#128);
#109=SURFACE_STYLE_FILL_AREA(#129);
#110=SURFACE_STYLE_FILL_AREA(#130);
#111=SURFACE_STYLE_FILL_AREA(#131);
#112=SURFACE_STYLE_FILL_AREA(#132);
#113=SURFACE_STYLE_FILL_AREA(#133);
#114=SURFACE_STYLE_FILL_AREA(#134);
#115=SURFACE_STYLE_FILL_AREA(#135);
#116=SURFACE_STYLE_FILL_AREA(#136);
#117=SURFACE_STYLE_FILL_AREA(#137);
#118=SURFACE_STYLE_FILL_AREA(#138);
#119=SURFACE_STYLE_FILL_AREA(#139);
#120=SURFACE_STYLE_FILL_AREA(#140);
#121=SURFACE_STYLE_FILL_AREA(#141);
#122=SURFACE_STYLE_FILL_AREA(#142);
#123=SURFACE_STYLE_FILL_AREA(#143);
#124=FILL_AREA_STYLE('',(#144));
#125=FILL_AREA_STYLE('',(#145));
#126=FILL_AREA_STYLE('',(#146));
#127=FILL_AREA_STYLE('',(#147));
#128=FILL_AREA_STYLE('',(#148));
#129=FILL_AREA_STYLE('',(#149));
#130=FILL_AREA_STYLE('',(#150));
#131=FILL_AREA_STYLE('',(#151));
#132=FILL_AREA_STYLE('',(#152));
#133=FILL_AREA_STYLE('',(#153));
#134=FILL_AREA_STYLE('',(#154));
#135=FILL_AREA_STYLE('',(#155));
#136=FILL_AREA_STYLE('',(#156));
#137=FILL_AREA_STYLE('',(#157));
#138=FILL_AREA_STYLE('',(#158));
#139=FILL_AREA_STYLE('',(#159));
#140=FILL_AREA_STYLE('',(#160));
#141=FILL_AREA_STYLE('',(#161));
#142=FILL_AREA_STYLE('',(#162));
#143=FILL_AREA_STYLE('',(#163));
#144=FILL_AREA_STYLE_COLOUR('',#164);
#145=FILL_AREA_STYLE_COLOUR('',#165);
#146=FILL_AREA_STYLE_COLOUR('',#165);
#147=FILL_AREA_STYLE_COLOUR('',#165);
#148=FILL_AREA_STYLE_COLOUR('',#165);
#149=FILL_AREA_STYLE_COLOUR('',#165);
#150=FILL_AREA_STYLE_COLOUR('',#165);
#151=FILL_AREA_STYLE_COLOUR('',#165);
#152=FILL_AREA_STYLE_COLOUR('',#165);
#153=FILL_AREA_STYLE_COLOUR('',#165);
#154=FILL_AREA_STYLE_COLOUR('',#165);
#155=FILL_AREA_STYLE_COLOUR('',#165);
#156=FILL_AREA_STYLE_COLOUR('',#165);
#157=FILL_AREA_STYLE_COLOUR('',#165);
#158=FILL_AREA_STYLE_COLOUR('',#165);
#159=FILL_AREA_STYLE_COLOUR('',#165);
#160=FILL_AREA_STYLE_COLOUR('',#165);
#161=FILL_AREA_STYLE_COLOUR('',#165);
#162=FILL_AREA_STYLE_COLOUR('',#165);
#163=FILL_AREA_STYLE_COLOUR('',#165);
#164=COLOUR_RGB('pale sky',0.882352941176471,0.96078431372549,1.);
#165=COLOUR_RGB('pale sea',0.717647058823529,0.811764705882353,0.764705882352941);
#166=MANIFOLD_SOLID_BREP('SOLID1',#167);
#167=CLOSED_SHELL('',(#319,#320,#321,#322,#323,#324,#325,#326,#327,#328,
#329,#330,#331,#332,#333,#334,#335,#336,#337,#338,#339,#340,#341,#342,#343,
#344,#345,#346,#347,#348,#349,#350,#351,#352,#353,#354,#355,#356,#357,#358,
#359,#360,#361,#362,#363,#364,#365,#366,#367,#368,#369,#370,#371,#372,#373,
#374,#375,#376,#377,#378,#379,#380,#381,#382,#383,#384,#385,#386,#387,#388,
#389,#390,#391,#392,#393,#394,#395,#396,#397,#398,#399,#400,#401,#402,#403,
#404,#405,#406,#407,#408,#409,#410,#411,#412,#413,#414,#415,#416,#417,#418,
#419,#420,#421,#422,#423,#424,#425,#426));
#168=VERTEX_LOOP('',#1566);
#169=VERTEX_LOOP('',#1568);
#170=VERTEX_LOOP('',#1570);
#171=VERTEX_LOOP('',#1572);
#172=VERTEX_LOOP('',#1574);
#173=VERTEX_LOOP('',#1576);
#174=VERTEX_LOOP('',#1578);
#175=VERTEX_LOOP('',#1580);
#176=VERTEX_LOOP('',#1582);
#177=CONICAL_SURFACE('',#1962,2.0193,59.0000000000003);
#178=CONICAL_SURFACE('',#1967,2.0193,59.0000000000003);
#179=CONICAL_SURFACE('',#1970,1000.,59.0000000000003);
#180=CONICAL_SURFACE('',#1974,2.0193,59.0000000000003);
#181=CONICAL_SURFACE('',#1977,1000.,59.0000000000003);
#182=CONICAL_SURFACE('',#1981,2.0193,59.0000000000003);
#183=CONICAL_SURFACE('',#1986,2.0193,59.0000000000003);
#184=CONICAL_SURFACE('',#1989,1000.,59.0000000000003);
#185=CONICAL_SURFACE('',#1993,2.0193,59.0000000000003);
#186=CONICAL_SURFACE('',#1996,1000.,59.0000000000003);
#187=CONICAL_SURFACE('',#2077,2.0193,59.);
#188=CONICAL_SURFACE('',#2080,2.0193,59.);
#189=CONICAL_SURFACE('',#2083,2.0193,59.);
#190=CONICAL_SURFACE('',#2086,2.0193,59.);
#191=CONICAL_SURFACE('',#2089,2.0193,59.);
#192=CONICAL_SURFACE('',#2092,2.0193,59.);
#193=CONICAL_SURFACE('',#2095,2.0193,59.);
#194=CONICAL_SURFACE('',#2098,2.0193,59.);
#195=CONICAL_SURFACE('',#2101,2.0193,59.);
#196=CYLINDRICAL_SURFACE('',#1958,52.2482349249977);
#197=CYLINDRICAL_SURFACE('',#1960,2.8067);
#198=CYLINDRICAL_SURFACE('',#1963,2.0193);
#199=CYLINDRICAL_SURFACE('',#1965,2.8067);
#200=CYLINDRICAL_SURFACE('',#1969,2.0193);
#201=CYLINDRICAL_SURFACE('',#1972,2.8067);
#202=CYLINDRICAL_SURFACE('',#1976,2.0193);
#203=CYLINDRICAL_SURFACE('',#1979,2.8067);
#204=CYLINDRICAL_SURFACE('',#1982,2.0193);
#205=CYLINDRICAL_SURFACE('',#1984,2.8067);
#206=CYLINDRICAL_SURFACE('',#1988,2.0193);
#207=CYLINDRICAL_SURFACE('',#1991,2.8067);
#208=CYLINDRICAL_SURFACE('',#1995,2.0193);
#209=CYLINDRICAL_SURFACE('',#1998,4.3688);
#210=CYLINDRICAL_SURFACE('',#2002,4.3688);
#211=CYLINDRICAL_SURFACE('',#2006,4.3688);
#212=CYLINDRICAL_SURFACE('',#2010,4.3688);
#213=CYLINDRICAL_SURFACE('',#2014,4.3688);
#214=CYLINDRICAL_SURFACE('',#2018,4.3688);
#215=CYLINDRICAL_SURFACE('',#2024,4.3688);
#216=CYLINDRICAL_SURFACE('',#2028,4.3688);
#217=CYLINDRICAL_SURFACE('',#2030,4.3688);
#218=CYLINDRICAL_SURFACE('',#2034,4.3688);
#219=CYLINDRICAL_SURFACE('',#2055,2.8067);
#220=CYLINDRICAL_SURFACE('',#2056,2.8067);
#221=CYLINDRICAL_SURFACE('',#2057,2.8067);
#222=CYLINDRICAL_SURFACE('',#2058,2.8067);
#223=CYLINDRICAL_SURFACE('',#2059,2.8067);
#224=CYLINDRICAL_SURFACE('',#2060,2.8067);
#225=CYLINDRICAL_SURFACE('',#2061,2.8067);
#226=CYLINDRICAL_SURFACE('',#2062,2.8067);
#227=CYLINDRICAL_SURFACE('',#2063,2.8067);
#228=CYLINDRICAL_SURFACE('',#2064,2.8067);
#229=CYLINDRICAL_SURFACE('',#2065,3.3);
#230=CYLINDRICAL_SURFACE('',#2066,3.3);
#231=CYLINDRICAL_SURFACE('',#2067,3.3);
#232=CYLINDRICAL_SURFACE('',#2068,3.3);
#233=CYLINDRICAL_SURFACE('',#2069,12.7);
#234=CYLINDRICAL_SURFACE('',#2070,12.7);
#235=CYLINDRICAL_SURFACE('',#2078,2.0193);
#236=CYLINDRICAL_SURFACE('',#2081,2.0193);
#237=CYLINDRICAL_SURFACE('',#2084,2.0193);
#238=CYLINDRICAL_SURFACE('',#2087,2.0193);
#239=CYLINDRICAL_SURFACE('',#2090,2.0193);
#240=CYLINDRICAL_SURFACE('',#2093,2.0193);
#241=CYLINDRICAL_SURFACE('',#2096,2.0193);
#242=CYLINDRICAL_SURFACE('',#2099,2.0193);
#243=CYLINDRICAL_SURFACE('',#2102,2.0193);
#244=CYLINDRICAL_SURFACE('',#2109,3.5);
#245=CYLINDRICAL_SURFACE('',#2110,3.5);
#246=CYLINDRICAL_SURFACE('',#2111,8.);
#247=CYLINDRICAL_SURFACE('',#2116,3.5);
#248=CYLINDRICAL_SURFACE('',#2117,3.5);
#249=CYLINDRICAL_SURFACE('',#2120,8.);
#250=CYLINDRICAL_SURFACE('',#2121,12.7);
#251=CYLINDRICAL_SURFACE('',#2122,12.7);
#252=CYLINDRICAL_SURFACE('',#2123,40.25);
#253=B_SPLINE_CURVE_WITH_KNOTS('',3,(#2842,#2843,#2844,#2845,#2846,#2847,
#2848,#2849,#2850,#2851),.UNSPECIFIED.,.F.,.F.,(4,2,2,2,4),(0.,0.25,0.5,
0.75,1.),.UNSPECIFIED.);
#254=B_SPLINE_CURVE_WITH_KNOTS('',3,(#2852,#2853,#2854,#2855,#2856,#2857,
#2858,#2859,#2860,#2861),.UNSPECIFIED.,.F.,.F.,(4,2,2,2,4),(0.,0.25,0.5,
0.75,1.),.UNSPECIFIED.);
#255=B_SPLINE_CURVE_WITH_KNOTS('',3,(#2873,#2874,#2875,#2876,#2877,#2878,
#2879,#2880,#2881,#2882,#2883,#2884,#2885,#2886,#2887,#2888,#2889,#2890,
#2891,#2892,#2893,#2894,#2895,#2896,#2897,#2898,#2899,#2900,#2901,#2902,
#2903,#2904,#2905,#2906,#2907,#2908,#2909,#2910,#2911,#2912,#2913,#2914,
#2915,#2916,#2917,#2918,#2919,#2920,#2921,#2922,#2923,#2924,#2925,#2926,
#2927,#2928,#2929,#2930,#2931,#2932,#2933),.UNSPECIFIED.,.T.,.F.,(1,3,3,
3,3,3,3,3,3,3,3,3,3,3,3,3,3,3,3,3,3,3,1),(-0.0185333619957128,0.,0.0532524919113321,
0.106477084210339,0.160121258428329,0.214076865698469,0.267572558665188,
0.320552883327459,0.37376635745194,0.427593867126056,0.481466541008243,
0.49999989523742,0.553252409464179,0.606477024066964,0.660121220764557,
0.714076850644809,0.767572566028911,0.820552912892598,0.873766409316196,
0.927593941546741,0.981466638004287,1.,1.05325249191133),.UNSPECIFIED.);
#256=B_SPLINE_CURVE_WITH_KNOTS('',3,(#2975,#2976,#2977,#2978,#2979,#2980,
#2981,#2982,#2983,#2984,#2985,#2986,#2987,#2988,#2989,#2990,#2991,#2992,
#2993,#2994,#2995,#2996,#2997,#2998,#2999,#3000,#3001,#3002,#3003,#3004,
#3005,#3006,#3007,#3008,#3009,#3010,#3011,#3012,#3013,#3014,#3015,#3016,
#3017,#3018,#3019,#3020,#3021,#3022,#3023,#3024,#3025,#3026,#3027,#3028,
#3029,#3030,#3031,#3032,#3033,#3034,#3035),.UNSPECIFIED.,.T.,.F.,(1,3,3,
3,3,3,3,3,3,3,3,3,3,3,3,3,3,3,3,3,3,3,1),(-0.0185333619956194,0.,0.0532524919112653,
0.106477084210273,0.160121258428263,0.214076865698406,0.267572558665128,
0.3205528833274,0.373766357451879,0.427593867125996,0.481466541008187,0.499999895237503,
0.553252409464263,0.606477024067049,0.660121220764642,0.714076850644894,
0.767572566028998,0.820552912892688,0.873766409316288,0.927593941546835,
0.981466638004381,1.,1.05325249191127),.UNSPECIFIED.);
#257=FACE_OUTER_BOUND('',#846,.T.);
#258=FACE_OUTER_BOUND('',#847,.T.);
#259=FACE_OUTER_BOUND('',#848,.T.);
#260=FACE_OUTER_BOUND('',#851,.T.);
#261=FACE_OUTER_BOUND('',#852,.T.);
#262=FACE_OUTER_BOUND('',#853,.T.);
#263=FACE_OUTER_BOUND('',#854,.T.);
#264=FACE_OUTER_BOUND('',#855,.T.);
#265=FACE_OUTER_BOUND('',#856,.T.);
#266=FACE_OUTER_BOUND('',#857,.T.);
#267=FACE_OUTER_BOUND('',#858,.T.);
#268=FACE_OUTER_BOUND('',#859,.T.);
#269=FACE_OUTER_BOUND('',#860,.T.);
#270=FACE_OUTER_BOUND('',#861,.T.);
#271=FACE_OUTER_BOUND('',#862,.T.);
#272=FACE_OUTER_BOUND('',#863,.T.);
#273=FACE_OUTER_BOUND('',#864,.T.);
#274=FACE_OUTER_BOUND('',#865,.T.);
#275=FACE_OUTER_BOUND('',#866,.T.);
#276=FACE_OUTER_BOUND('',#867,.T.);
#277=FACE_OUTER_BOUND('',#868,.T.);
#278=FACE_OUTER_BOUND('',#869,.T.);
#279=FACE_OUTER_BOUND('',#870,.T.);
#280=FACE_OUTER_BOUND('',#871,.T.);
#281=FACE_OUTER_BOUND('',#872,.T.);
#282=FACE_OUTER_BOUND('',#873,.T.);
#283=FACE_OUTER_BOUND('',#876,.T.);
#284=FACE_OUTER_BOUND('',#879,.T.);
#285=FACE_OUTER_BOUND('',#882,.T.);
#286=FACE_OUTER_BOUND('',#885,.T.);
#287=FACE_OUTER_BOUND('',#888,.T.);
#288=FACE_OUTER_BOUND('',#893,.T.);
#289=FACE_OUTER_BOUND('',#896,.T.);
#290=FACE_OUTER_BOUND('',#897,.T.);
#291=FACE_OUTER_BOUND('',#900,.T.);
#292=FACE_OUTER_BOUND('',#903,.T.);
#293=FACE_OUTER_BOUND('',#904,.T.);
#294=FACE_OUTER_BOUND('',#912,.T.);
#295=FACE_OUTER_BOUND('',#920,.T.);
#296=FACE_OUTER_BOUND('',#921,.T.);
#297=FACE_OUTER_BOUND('',#922,.T.);
#298=FACE_OUTER_BOUND('',#923,.T.);
#299=FACE_OUTER_BOUND('',#924,.T.);
#300=FACE_OUTER_BOUND('',#925,.T.);
#301=FACE_OUTER_BOUND('',#926,.T.);
#302=FACE_OUTER_BOUND('',#927,.T.);
#303=FACE_OUTER_BOUND('',#928,.T.);
#304=FACE_OUTER_BOUND('',#929,.T.);
#305=FACE_OUTER_BOUND('',#930,.T.);
#306=FACE_OUTER_BOUND('',#939,.T.);
#307=FACE_OUTER_BOUND('',#940,.T.);
#308=FACE_OUTER_BOUND('',#973,.T.);
#309=FACE_OUTER_BOUND('',#974,.T.);
#310=FACE_OUTER_BOUND('',#975,.T.);
#311=FACE_OUTER_BOUND('',#980,.T.);
#312=FACE_OUTER_BOUND('',#981,.T.);
#313=FACE_OUTER_BOUND('',#982,.T.);
#314=FACE_OUTER_BOUND('',#987,.T.);
#315=FACE_OUTER_BOUND('',#988,.T.);
#316=FACE_OUTER_BOUND('',#989,.T.);
#317=FACE_OUTER_BOUND('',#990,.T.);
#318=FACE_OUTER_BOUND('',#991,.T.);
#319=ADVANCED_FACE('',(#667,#668,#669,#670),#427,.F.);
#320=ADVANCED_FACE('',(#671,#672,#673,#674,#675,#676,#677),#428,.F.);
#321=ADVANCED_FACE('',(#678,#679,#680,#681),#429,.F.);
#322=ADVANCED_FACE('',(#682,#683,#684,#685,#686,#687,#688),#430,.F.);
#323=ADVANCED_FACE('',(#689,#690,#691,#692,#693,#694,#695,#696,#697,#698,
#699,#700,#701,#702,#703,#704,#705,#706,#707,#708),#431,.F.);
#324=ADVANCED_FACE('',(#257),#432,.T.);
#325=ADVANCED_FACE('',(#258),#433,.F.);
#326=ADVANCED_FACE('',(#259),#434,.F.);
#327=ADVANCED_FACE('',(#709,#710),#196,.F.);
#328=ADVANCED_FACE('',(#260),#197,.F.);
#329=ADVANCED_FACE('',(#261),#177,.F.);
#330=ADVANCED_FACE('',(#262),#198,.F.);
#331=ADVANCED_FACE('',(#263),#199,.F.);
#332=ADVANCED_FACE('',(#264),#178,.F.);
#333=ADVANCED_FACE('',(#265),#200,.F.);
#334=ADVANCED_FACE('',(#266),#179,.F.);
#335=ADVANCED_FACE('',(#267),#201,.F.);
#336=ADVANCED_FACE('',(#268),#180,.F.);
#337=ADVANCED_FACE('',(#269),#202,.F.);
#338=ADVANCED_FACE('',(#270),#181,.F.);
#339=ADVANCED_FACE('',(#271),#203,.F.);
#340=ADVANCED_FACE('',(#272),#182,.F.);
#341=ADVANCED_FACE('',(#273),#204,.F.);
#342=ADVANCED_FACE('',(#274),#205,.F.);
#343=ADVANCED_FACE('',(#275),#183,.F.);
#344=ADVANCED_FACE('',(#276),#206,.F.);
#345=ADVANCED_FACE('',(#277),#184,.F.);
#346=ADVANCED_FACE('',(#278),#207,.F.);
#347=ADVANCED_FACE('',(#279),#185,.F.);
#348=ADVANCED_FACE('',(#280),#208,.F.);
#349=ADVANCED_FACE('',(#281),#186,.F.);
#350=ADVANCED_FACE('',(#282),#209,.F.);
#351=ADVANCED_FACE('',(#711,#712),#435,.T.);
#352=ADVANCED_FACE('',(#283),#210,.F.);
#353=ADVANCED_FACE('',(#713,#714),#436,.T.);
#354=ADVANCED_FACE('',(#284),#211,.F.);
#355=ADVANCED_FACE('',(#715,#716),#437,.T.);
#356=ADVANCED_FACE('',(#285),#212,.F.);
#357=ADVANCED_FACE('',(#717,#718),#438,.T.);
#358=ADVANCED_FACE('',(#286),#213,.F.);
#359=ADVANCED_FACE('',(#719,#720),#439,.T.);
#360=ADVANCED_FACE('',(#287),#214,.F.);
#361=ADVANCED_FACE('',(#721,#722),#440,.T.);
#362=ADVANCED_FACE('',(#723,#724),#441,.T.);
#363=ADVANCED_FACE('',(#288),#215,.F.);
#364=ADVANCED_FACE('',(#725,#726),#442,.T.);
#365=ADVANCED_FACE('',(#289),#216,.F.);
#366=ADVANCED_FACE('',(#290),#217,.F.);
#367=ADVANCED_FACE('',(#727,#728),#443,.T.);
#368=ADVANCED_FACE('',(#291),#218,.F.);
#369=ADVANCED_FACE('',(#729,#730),#444,.T.);
#370=ADVANCED_FACE('',(#292),#445,.F.);
#371=ADVANCED_FACE('',(#293),#446,.F.);
#372=ADVANCED_FACE('',(#731,#732,#733,#734,#735,#736,#737),#447,.F.);
#373=ADVANCED_FACE('',(#294),#448,.F.);
#374=ADVANCED_FACE('',(#738,#739,#740,#741,#742,#743,#744),#449,.F.);
#375=ADVANCED_FACE('',(#295),#450,.F.);
#376=ADVANCED_FACE('',(#296),#219,.F.);
#377=ADVANCED_FACE('',(#297),#220,.F.);
#378=ADVANCED_FACE('',(#298),#221,.F.);
#379=ADVANCED_FACE('',(#299),#222,.F.);
#380=ADVANCED_FACE('',(#300),#223,.F.);
#381=ADVANCED_FACE('',(#301),#224,.F.);
#382=ADVANCED_FACE('',(#302),#225,.F.);
#383=ADVANCED_FACE('',(#303),#226,.F.);
#384=ADVANCED_FACE('',(#304),#227,.F.);
#385=ADVANCED_FACE('',(#305),#228,.F.);
#386=ADVANCED_FACE('',(#745,#746),#229,.F.);
#387=ADVANCED_FACE('',(#747,#748),#230,.F.);
#388=ADVANCED_FACE('',(#749,#750),#231,.F.);
#389=ADVANCED_FACE('',(#751,#752),#232,.F.);
#390=ADVANCED_FACE('',(#306),#233,.T.);
#391=ADVANCED_FACE('',(#307),#234,.T.);
#392=ADVANCED_FACE('',(#753,#754,#755,#756,#757),#451,.F.);
#393=ADVANCED_FACE('',(#758,#759),#187,.F.);
#394=ADVANCED_FACE('',(#760,#761),#235,.F.);
#395=ADVANCED_FACE('',(#762,#763),#188,.F.);
#396=ADVANCED_FACE('',(#764,#765),#236,.F.);
#397=ADVANCED_FACE('',(#766,#767),#189,.F.);
#398=ADVANCED_FACE('',(#768,#769),#237,.F.);
#399=ADVANCED_FACE('',(#770,#771),#190,.F.);
#400=ADVANCED_FACE('',(#772,#773),#238,.F.);
#401=ADVANCED_FACE('',(#774,#775),#191,.F.);
#402=ADVANCED_FACE('',(#776,#777),#239,.F.);
#403=ADVANCED_FACE('',(#778,#779),#192,.F.);
#404=ADVANCED_FACE('',(#780,#781),#240,.F.);
#405=ADVANCED_FACE('',(#782,#783),#193,.F.);
#406=ADVANCED_FACE('',(#784,#785),#241,.F.);
#407=ADVANCED_FACE('',(#786,#787),#194,.F.);
#408=ADVANCED_FACE('',(#788,#789),#242,.F.);
#409=ADVANCED_FACE('',(#790,#791),#195,.F.);
#410=ADVANCED_FACE('',(#792,#793),#243,.F.);
#411=ADVANCED_FACE('',(#308),#452,.T.);
#412=ADVANCED_FACE('',(#309),#453,.T.);
#413=ADVANCED_FACE('',(#310),#454,.T.);
#414=ADVANCED_FACE('',(#794,#795),#244,.F.);
#415=ADVANCED_FACE('',(#796,#797),#245,.F.);
#416=ADVANCED_FACE('',(#311),#246,.F.);
#417=ADVANCED_FACE('',(#312),#455,.T.);
#418=ADVANCED_FACE('',(#313),#456,.T.);
#419=ADVANCED_FACE('',(#798,#799),#247,.F.);
#420=ADVANCED_FACE('',(#800,#801),#248,.F.);
#421=ADVANCED_FACE('',(#314),#457,.F.);
#422=ADVANCED_FACE('',(#315),#458,.F.);
#423=ADVANCED_FACE('',(#316),#249,.F.);
#424=ADVANCED_FACE('',(#317),#250,.F.);
#425=ADVANCED_FACE('',(#318),#251,.F.);
#426=ADVANCED_FACE('',(#802,#803),#252,.F.);
#427=PLANE('',#1913);
#428=PLANE('',#1920);
#429=PLANE('',#1925);
#430=PLANE('',#1932);
#431=PLANE('',#1952);
#432=PLANE('',#1954);
#433=PLANE('',#1955);
#434=PLANE('',#1956);
#435=PLANE('',#2000);
#436=PLANE('',#2004);
#437=PLANE('',#2008);
#438=PLANE('',#2012);
#439=PLANE('',#2016);
#440=PLANE('',#2020);
#441=PLANE('',#2023);
#442=PLANE('',#2027);
#443=PLANE('',#2032);
#444=PLANE('',#2036);
#445=PLANE('',#2037);
#446=PLANE('',#2038);
#447=PLANE('',#2045);
#448=PLANE('',#2046);
#449=PLANE('',#2053);
#450=PLANE('',#2054);
#451=PLANE('',#2075);
#452=PLANE('',#2104);
#453=PLANE('',#2105);
#454=PLANE('',#2108);
#455=PLANE('',#2112);
#456=PLANE('',#2115);
#457=PLANE('',#2118);
#458=PLANE('',#2119);
#459=LINE('',#2667,#563);
#460=LINE('',#2670,#564);
#461=LINE('',#2674,#565);
#462=LINE('',#2676,#566);
#463=LINE('',#2678,#567);
#464=LINE('',#2680,#568);
#465=LINE('',#2682,#569);
#466=LINE('',#2684,#570);
#467=LINE('',#2686,#571);
#468=LINE('',#2688,#572);
#469=LINE('',#2690,#573);
#470=LINE('',#2692,#574);
#471=LINE('',#2694,#575);
#472=LINE('',#2708,#576);
#473=LINE('',#2710,#577);
#474=LINE('',#2712,#578);
#475=LINE('',#2714,#579);
#476=LINE('',#2716,#580);
#477=LINE('',#2718,#581);
#478=LINE('',#2721,#582);
#479=LINE('',#2725,#583);
#480=LINE('',#2727,#584);
#481=LINE('',#2729,#585);
#482=LINE('',#2731,#586);
#483=LINE('',#2733,#587);
#484=LINE('',#2753,#588);
#485=LINE('',#2756,#589);
#486=LINE('',#2758,#590);
#487=LINE('',#2759,#591);
#488=LINE('',#2761,#592);
#489=LINE('',#2801,#593);
#490=LINE('',#2804,#594);
#491=LINE('',#2805,#595);
#492=LINE('',#2807,#596);
#493=LINE('',#2809,#597);
#494=LINE('',#2811,#598);
#495=LINE('',#2813,#599);
#496=LINE('',#2814,#600);
#497=LINE('',#2816,#601);
#498=LINE('',#2818,#602);
#499=LINE('',#2820,#603);
#500=LINE('',#2822,#604);
#501=LINE('',#2824,#605);
#502=LINE('',#2826,#606);
#503=LINE('',#2830,#607);
#504=LINE('',#2832,#608);
#505=LINE('',#2833,#609);
#506=LINE('',#2835,#610);
#507=LINE('',#2838,#611);
#508=LINE('',#2839,#612);
#509=LINE('',#2840,#613);
#510=LINE('',#2867,#614);
#511=LINE('',#2871,#615);
#512=LINE('',#2935,#616);
#513=LINE('',#2939,#617);
#514=LINE('',#2943,#618);
#515=LINE('',#2947,#619);
#516=LINE('',#2949,#620);
#517=LINE('',#2954,#621);
#518=LINE('',#2958,#622);
#519=LINE('',#2962,#623);
#520=LINE('',#2964,#624);
#521=LINE('',#2969,#625);
#522=LINE('',#2973,#626);
#523=LINE('',#3037,#627);
#524=LINE('',#3041,#628);
#525=LINE('',#3045,#629);
#526=LINE('',#3049,#630);
#527=LINE('',#3051,#631);
#528=LINE('',#3056,#632);
#529=LINE('',#3060,#633);
#530=LINE('',#3064,#634);
#531=LINE('',#3066,#635);
#532=LINE('',#3071,#636);
#533=LINE('',#3078,#637);
#534=LINE('',#3085,#638);
#535=LINE('',#3092,#639);
#536=LINE('',#3099,#640);
#537=LINE('',#3106,#641);
#538=LINE('',#3116,#642);
#539=LINE('',#3123,#643);
#540=LINE('',#3127,#644);
#541=LINE('',#3134,#645);
#542=LINE('',#3139,#646);
#543=LINE('',#3140,#647);
#544=LINE('',#3142,#648);
#545=LINE('',#3156,#649);
#546=LINE('',#3171,#650);
#547=LINE('',#3172,#651);
#548=LINE('',#3175,#652);
#549=LINE('',#3177,#653);
#550=LINE('',#3179,#654);
#551=LINE('',#3181,#655);
#552=LINE('',#3183,#656);
#553=LINE('',#3185,#657);
#554=LINE('',#3187,#658);
#555=LINE('',#3189,#659);
#556=LINE('',#3191,#660);
#557=LINE('',#3193,#661);
#558=LINE('',#3255,#662);
#559=LINE('',#3259,#663);
#560=LINE('',#3261,#664);
#561=LINE('',#3269,#665);
#562=LINE('',#3271,#666);
#563=VECTOR('',#2132,1.);
#564=VECTOR('',#2133,1.);
#565=VECTOR('',#2136,1.);
#566=VECTOR('',#2137,1.);
#567=VECTOR('',#2138,1.);
#568=VECTOR('',#2139,1.);
#569=VECTOR('',#2140,1.);
#570=VECTOR('',#2141,1.);
#571=VECTOR('',#2142,1.);
#572=VECTOR('',#2143,1.);
#573=VECTOR('',#2144,1.);
#574=VECTOR('',#2145,1.);
#575=VECTOR('',#2146,1.);
#576=VECTOR('',#2161,1.);
#577=VECTOR('',#2162,1.);
#578=VECTOR('',#2163,1.);
#579=VECTOR('',#2164,1.);
#580=VECTOR('',#2165,1.);
#581=VECTOR('',#2168,1.);
#582=VECTOR('',#2169,1.);
#583=VECTOR('',#2172,1.);
#584=VECTOR('',#2173,1.);
#585=VECTOR('',#2174,1.);
#586=VECTOR('',#2175,1.);
#587=VECTOR('',#2176,1.);
#588=VECTOR('',#2197,1.);
#589=VECTOR('',#2198,1.);
#590=VECTOR('',#2199,1.);
#591=VECTOR('',#2200,1.);
#592=VECTOR('',#2201,1.);
#593=VECTOR('',#2242,1.);
#594=VECTOR('',#2243,1.);
#595=VECTOR('',#2244,1.);
#596=VECTOR('',#2245,1.);
#597=VECTOR('',#2246,1.);
#598=VECTOR('',#2247,1.);
#599=VECTOR('',#2248,1.);
#600=VECTOR('',#2249,1.);
#601=VECTOR('',#2250,1.);
#602=VECTOR('',#2251,1.);
#603=VECTOR('',#2252,1.);
#604=VECTOR('',#2253,1.);
#605=VECTOR('',#2256,1.);
#606=VECTOR('',#2257,1.);
#607=VECTOR('',#2262,1.);
#608=VECTOR('',#2263,1.);
#609=VECTOR('',#2264,1.);
#610=VECTOR('',#2267,1.);
#611=VECTOR('',#2268,1.);
#612=VECTOR('',#2269,1.);
#613=VECTOR('',#2270,1.);
#614=VECTOR('',#2279,1.);
#615=VECTOR('',#2284,1.);
#616=VECTOR('',#2287,1.);
#617=VECTOR('',#2292,1.);
#618=VECTOR('',#2297,1.);
#619=VECTOR('',#2302,1.);
#620=VECTOR('',#2305,1.);
#621=VECTOR('',#2310,1.);
#622=VECTOR('',#2315,1.);
#623=VECTOR('',#2320,1.);
#624=VECTOR('',#2323,1.);
#625=VECTOR('',#2328,1.);
#626=VECTOR('',#2333,1.);
#627=VECTOR('',#2336,1.);
#628=VECTOR('',#2341,1.);
#629=VECTOR('',#2346,1.);
#630=VECTOR('',#2351,1.);
#631=VECTOR('',#2354,1.);
#632=VECTOR('',#2359,1.);
#633=VECTOR('',#2364,1.);
#634=VECTOR('',#2369,1.);
#635=VECTOR('',#2372,1.);
#636=VECTOR('',#2377,1.);
#637=VECTOR('',#2386,1.);
#638=VECTOR('',#2395,1.);
#639=VECTOR('',#2404,1.);
#640=VECTOR('',#2413,1.);
#641=VECTOR('',#2422,1.);
#642=VECTOR('',#2435,1.);
#643=VECTOR('',#2444,1.);
#644=VECTOR('',#2449,1.);
#645=VECTOR('',#2458,1.);
#646=VECTOR('',#2465,1.);
#647=VECTOR('',#2466,1.);
#648=VECTOR('',#2469,1.);
#649=VECTOR('',#2484,1.);
#650=VECTOR('',#2501,1.);
#651=VECTOR('',#2502,1.);
#652=VECTOR('',#2507,1.);
#653=VECTOR('',#2510,1.);
#654=VECTOR('',#2513,1.);
#655=VECTOR('',#2516,1.);
#656=VECTOR('',#2519,1.);
#657=VECTOR('',#2522,1.);
#658=VECTOR('',#2525,1.);
#659=VECTOR('',#2528,1.);
#660=VECTOR('',#2531,1.);
#661=VECTOR('',#2534,1.);
#662=VECTOR('',#2613,1.);
#663=VECTOR('',#2618,1.);
#664=VECTOR('',#2619,1.);
#665=VECTOR('',#2634,1.);
#666=VECTOR('',#2635,1.);
#667=FACE_BOUND('',#804,.T.);
#668=FACE_BOUND('',#805,.T.);
#669=FACE_BOUND('',#806,.T.);
#670=FACE_BOUND('',#807,.T.);
#671=FACE_BOUND('',#808,.T.);
#672=FACE_BOUND('',#809,.T.);
#673=FACE_BOUND('',#810,.T.);
#674=FACE_BOUND('',#811,.T.);
#675=FACE_BOUND('',#812,.T.);
#676=FACE_BOUND('',#813,.T.);
#677=FACE_BOUND('',#814,.T.);
#678=FACE_BOUND('',#815,.T.);
#679=FACE_BOUND('',#816,.T.);
#680=FACE_BOUND('',#817,.T.);
#681=FACE_BOUND('',#818,.T.);
#682=FACE_BOUND('',#819,.T.);
#683=FACE_BOUND('',#820,.T.);
#684=FACE_BOUND('',#821,.T.);
#685=FACE_BOUND('',#822,.T.);
#686=FACE_BOUND('',#823,.T.);
#687=FACE_BOUND('',#824,.T.);
#688=FACE_BOUND('',#825,.T.);
#689=FACE_BOUND('',#826,.T.);
#690=FACE_BOUND('',#827,.T.);
#691=FACE_BOUND('',#828,.T.);
#692=FACE_BOUND('',#829,.T.);
#693=FACE_BOUND('',#830,.T.);
#694=FACE_BOUND('',#831,.T.);
#695=FACE_BOUND('',#832,.T.);
#696=FACE_BOUND('',#833,.T.);
#697=FACE_BOUND('',#834,.T.);
#698=FACE_BOUND('',#835,.T.);
#699=FACE_BOUND('',#836,.T.);
#700=FACE_BOUND('',#837,.T.);
#701=FACE_BOUND('',#838,.T.);
#702=FACE_BOUND('',#839,.T.);
#703=FACE_BOUND('',#840,.T.);
#704=FACE_BOUND('',#841,.T.);
#705=FACE_BOUND('',#842,.T.);
#706=FACE_BOUND('',#843,.T.);
#707=FACE_BOUND('',#844,.T.);
#708=FACE_BOUND('',#845,.T.);
#709=FACE_BOUND('',#849,.T.);
#710=FACE_BOUND('',#850,.T.);
#711=FACE_BOUND('',#874,.T.);
#712=FACE_BOUND('',#875,.T.);
#713=FACE_BOUND('',#877,.T.);
#714=FACE_BOUND('',#878,.T.);
#715=FACE_BOUND('',#880,.T.);
#716=FACE_BOUND('',#881,.T.);
#717=FACE_BOUND('',#883,.T.);
#718=FACE_BOUND('',#884,.T.);
#719=FACE_BOUND('',#886,.T.);
#720=FACE_BOUND('',#887,.T.);
#721=FACE_BOUND('',#889,.T.);
#722=FACE_BOUND('',#890,.T.);
#723=FACE_BOUND('',#891,.T.);
#724=FACE_BOUND('',#892,.T.);
#725=FACE_BOUND('',#894,.T.);
#726=FACE_BOUND('',#895,.T.);
#727=FACE_BOUND('',#898,.T.);
#728=FACE_BOUND('',#899,.T.);
#729=FACE_BOUND('',#901,.T.);
#730=FACE_BOUND('',#902,.T.);
#731=FACE_BOUND('',#905,.T.);
#732=FACE_BOUND('',#906,.T.);
#733=FACE_BOUND('',#907,.T.);
#734=FACE_BOUND('',#908,.T.);
#735=FACE_BOUND('',#909,.T.);
#736=FACE_BOUND('',#910,.T.);
#737=FACE_BOUND('',#911,.T.);
#738=FACE_BOUND('',#913,.T.);
#739=FACE_BOUND('',#914,.T.);
#740=FACE_BOUND('',#915,.T.);
#741=FACE_BOUND('',#916,.T.);
#742=FACE_BOUND('',#917,.T.);
#743=FACE_BOUND('',#918,.T.);
#744=FACE_BOUND('',#919,.T.);
#745=FACE_BOUND('',#931,.T.);
#746=FACE_BOUND('',#932,.T.);
#747=FACE_BOUND('',#933,.T.);
#748=FACE_BOUND('',#934,.T.);
#749=FACE_BOUND('',#935,.T.);
#750=FACE_BOUND('',#936,.T.);
#751=FACE_BOUND('',#937,.T.);
#752=FACE_BOUND('',#938,.T.);
#753=FACE_BOUND('',#941,.T.);
#754=FACE_BOUND('',#942,.T.);
#755=FACE_BOUND('',#943,.T.);
#756=FACE_BOUND('',#944,.T.);
#757=FACE_BOUND('',#945,.T.);
#758=FACE_BOUND('',#946,.T.);
#759=FACE_BOUND('',#168,.T.);
#760=FACE_BOUND('',#947,.T.);
#761=FACE_BOUND('',#948,.T.);
#762=FACE_BOUND('',#949,.T.);
#763=FACE_BOUND('',#169,.T.);
#764=FACE_BOUND('',#950,.T.);
#765=FACE_BOUND('',#951,.T.);
#766=FACE_BOUND('',#952,.T.);
#767=FACE_BOUND('',#170,.T.);
#768=FACE_BOUND('',#953,.T.);
#769=FACE_BOUND('',#954,.T.);
#770=FACE_BOUND('',#955,.T.);
#771=FACE_BOUND('',#171,.T.);
#772=FACE_BOUND('',#956,.T.);
#773=FACE_BOUND('',#957,.T.);
#774=FACE_BOUND('',#958,.T.);
#775=FACE_BOUND('',#172,.T.);
#776=FACE_BOUND('',#959,.T.);
#777=FACE_BOUND('',#960,.T.);
#778=FACE_BOUND('',#961,.T.);
#779=FACE_BOUND('',#173,.T.);
#780=FACE_BOUND('',#962,.T.);
#781=FACE_BOUND('',#963,.T.);
#782=FACE_BOUND('',#964,.T.);
#783=FACE_BOUND('',#174,.T.);
#784=FACE_BOUND('',#965,.T.);
#785=FACE_BOUND('',#966,.T.);
#786=FACE_BOUND('',#967,.T.);
#787=FACE_BOUND('',#175,.T.);
#788=FACE_BOUND('',#968,.T.);
#789=FACE_BOUND('',#969,.T.);
#790=FACE_BOUND('',#970,.T.);
#791=FACE_BOUND('',#176,.T.);
#792=FACE_BOUND('',#971,.T.);
#793=FACE_BOUND('',#972,.T.);
#794=FACE_BOUND('',#976,.T.);
#795=FACE_BOUND('',#977,.T.);
#796=FACE_BOUND('',#978,.T.);
#797=FACE_BOUND('',#979,.T.);
#798=FACE_BOUND('',#983,.T.);
#799=FACE_BOUND('',#984,.T.);
#800=FACE_BOUND('',#985,.T.);
#801=FACE_BOUND('',#986,.T.);
#802=FACE_BOUND('',#992,.T.);
#803=FACE_BOUND('',#993,.T.);
#804=EDGE_LOOP('',(#994));
#805=EDGE_LOOP('',(#995));
#806=EDGE_LOOP('',(#996));
#807=EDGE_LOOP('',(#997,#998,#999,#1000,#1001,#1002,#1003,#1004,#1005,#1006,
#1007,#1008,#1009,#1010));
#808=EDGE_LOOP('',(#1011));
#809=EDGE_LOOP('',(#1012));
#810=EDGE_LOOP('',(#1013));
#811=EDGE_LOOP('',(#1014));
#812=EDGE_LOOP('',(#1015));
#813=EDGE_LOOP('',(#1016));
#814=EDGE_LOOP('',(#1017,#1018,#1019,#1020,#1021,#1022));
#815=EDGE_LOOP('',(#1023,#1024,#1025,#1026,#1027,#1028,#1029,#1030));
#816=EDGE_LOOP('',(#1031));
#817=EDGE_LOOP('',(#1032));
#818=EDGE_LOOP('',(#1033));
#819=EDGE_LOOP('',(#1034));
#820=EDGE_LOOP('',(#1035));
#821=EDGE_LOOP('',(#1036));
#822=EDGE_LOOP('',(#1037));
#823=EDGE_LOOP('',(#1038));
#824=EDGE_LOOP('',(#1039));
#825=EDGE_LOOP('',(#1040,#1041,#1042,#1043,#1044,#1045));
#826=EDGE_LOOP('',(#1046));
#827=EDGE_LOOP('',(#1047));
#828=EDGE_LOOP('',(#1048));
#829=EDGE_LOOP('',(#1049));
#830=EDGE_LOOP('',(#1050));
#831=EDGE_LOOP('',(#1051));
#832=EDGE_LOOP('',(#1052));
#833=EDGE_LOOP('',(#1053));
#834=EDGE_LOOP('',(#1054));
#835=EDGE_LOOP('',(#1055));
#836=EDGE_LOOP('',(#1056));
#837=EDGE_LOOP('',(#1057));
#838=EDGE_LOOP('',(#1058));
#839=EDGE_LOOP('',(#1059));
#840=EDGE_LOOP('',(#1060));
#841=EDGE_LOOP('',(#1061));
#842=EDGE_LOOP('',(#1062));
#843=EDGE_LOOP('',(#1063));
#844=EDGE_LOOP('',(#1064));
#845=EDGE_LOOP('',(#1065,#1066,#1067,#1068,#1069,#1070,#1071,#1072,#1073,
#1074,#1075,#1076,#1077,#1078));
#846=EDGE_LOOP('',(#1079,#1080,#1081,#1082,#1083));
#847=EDGE_LOOP('',(#1084,#1085,#1086,#1087,#1088,#1089));
#848=EDGE_LOOP('',(#1090,#1091,#1092,#1093,#1094,#1095));
#849=EDGE_LOOP('',(#1096,#1097,#1098,#1099));
#850=EDGE_LOOP('',(#1100));
#851=EDGE_LOOP('',(#1101,#1102,#1103,#1104));
#852=EDGE_LOOP('',(#1105,#1106,#1107,#1108));
#853=EDGE_LOOP('',(#1109,#1110,#1111,#1112));
#854=EDGE_LOOP('',(#1113,#1114,#1115,#1116));
#855=EDGE_LOOP('',(#1117,#1118,#1119,#1120));
#856=EDGE_LOOP('',(#1121,#1122,#1123,#1124));
#857=EDGE_LOOP('',(#1125,#1126,#1127));
#858=EDGE_LOOP('',(#1128,#1129,#1130,#1131));
#859=EDGE_LOOP('',(#1132,#1133,#1134,#1135));
#860=EDGE_LOOP('',(#1136,#1137,#1138,#1139));
#861=EDGE_LOOP('',(#1140,#1141,#1142));
#862=EDGE_LOOP('',(#1143,#1144,#1145,#1146));
#863=EDGE_LOOP('',(#1147,#1148,#1149,#1150));
#864=EDGE_LOOP('',(#1151,#1152,#1153,#1154));
#865=EDGE_LOOP('',(#1155,#1156,#1157,#1158));
#866=EDGE_LOOP('',(#1159,#1160,#1161,#1162));
#867=EDGE_LOOP('',(#1163,#1164,#1165,#1166));
#868=EDGE_LOOP('',(#1167,#1168,#1169));
#869=EDGE_LOOP('',(#1170,#1171,#1172,#1173));
#870=EDGE_LOOP('',(#1174,#1175,#1176,#1177));
#871=EDGE_LOOP('',(#1178,#1179,#1180,#1181));
#872=EDGE_LOOP('',(#1182,#1183,#1184));
#873=EDGE_LOOP('',(#1185,#1186,#1187,#1188));
#874=EDGE_LOOP('',(#1189));
#875=EDGE_LOOP('',(#1190));
#876=EDGE_LOOP('',(#1191,#1192,#1193,#1194));
#877=EDGE_LOOP('',(#1195));
#878=EDGE_LOOP('',(#1196));
#879=EDGE_LOOP('',(#1197,#1198,#1199,#1200));
#880=EDGE_LOOP('',(#1201));
#881=EDGE_LOOP('',(#1202));
#882=EDGE_LOOP('',(#1203,#1204,#1205,#1206));
#883=EDGE_LOOP('',(#1207));
#884=EDGE_LOOP('',(#1208));
#885=EDGE_LOOP('',(#1209,#1210,#1211,#1212));
#886=EDGE_LOOP('',(#1213));
#887=EDGE_LOOP('',(#1214));
#888=EDGE_LOOP('',(#1215,#1216,#1217,#1218));
#889=EDGE_LOOP('',(#1219));
#890=EDGE_LOOP('',(#1220));
#891=EDGE_LOOP('',(#1221));
#892=EDGE_LOOP('',(#1222));
#893=EDGE_LOOP('',(#1223,#1224,#1225,#1226));
#894=EDGE_LOOP('',(#1227));
#895=EDGE_LOOP('',(#1228));
#896=EDGE_LOOP('',(#1229,#1230,#1231,#1232));
#897=EDGE_LOOP('',(#1233,#1234,#1235,#1236));
#898=EDGE_LOOP('',(#1237));
#899=EDGE_LOOP('',(#1238));
#900=EDGE_LOOP('',(#1239,#1240,#1241,#1242));
#901=EDGE_LOOP('',(#1243));
#902=EDGE_LOOP('',(#1244));
#903=EDGE_LOOP('',(#1245,#1246,#1247,#1248));
#904=EDGE_LOOP('',(#1249,#1250,#1251,#1252));
#905=EDGE_LOOP('',(#1253));
#906=EDGE_LOOP('',(#1254));
#907=EDGE_LOOP('',(#1255));
#908=EDGE_LOOP('',(#1256));
#909=EDGE_LOOP('',(#1257));
#910=EDGE_LOOP('',(#1258));
#911=EDGE_LOOP('',(#1259,#1260,#1261,#1262));
#912=EDGE_LOOP('',(#1263,#1264,#1265,#1266));
#913=EDGE_LOOP('',(#1267));
#914=EDGE_LOOP('',(#1268));
#915=EDGE_LOOP('',(#1269));
#916=EDGE_LOOP('',(#1270));
#917=EDGE_LOOP('',(#1271));
#918=EDGE_LOOP('',(#1272));
#919=EDGE_LOOP('',(#1273,#1274,#1275,#1276));
#920=EDGE_LOOP('',(#1277,#1278,#1279,#1280));
#921=EDGE_LOOP('',(#1281,#1282,#1283,#1284));
#922=EDGE_LOOP('',(#1285,#1286,#1287,#1288));
#923=EDGE_LOOP('',(#1289,#1290,#1291,#1292));
#924=EDGE_LOOP('',(#1293,#1294,#1295,#1296));
#925=EDGE_LOOP('',(#1297,#1298,#1299,#1300));
#926=EDGE_LOOP('',(#1301,#1302,#1303,#1304));
#927=EDGE_LOOP('',(#1305,#1306,#1307,#1308));
#928=EDGE_LOOP('',(#1309,#1310,#1311,#1312));
#929=EDGE_LOOP('',(#1313,#1314,#1315,#1316));
#930=EDGE_LOOP('',(#1317,#1318,#1319,#1320));
#931=EDGE_LOOP('',(#1321));
#932=EDGE_LOOP('',(#1322));
#933=EDGE_LOOP('',(#1323));
#934=EDGE_LOOP('',(#1324));
#935=EDGE_LOOP('',(#1325));
#936=EDGE_LOOP('',(#1326));
#937=EDGE_LOOP('',(#1327));
#938=EDGE_LOOP('',(#1328));
#939=EDGE_LOOP('',(#1329));
#940=EDGE_LOOP('',(#1330));
#941=EDGE_LOOP('',(#1331));
#942=EDGE_LOOP('',(#1332));
#943=EDGE_LOOP('',(#1333));
#944=EDGE_LOOP('',(#1334));
#945=EDGE_LOOP('',(#1335));
#946=EDGE_LOOP('',(#1336));
#947=EDGE_LOOP('',(#1337));
#948=EDGE_LOOP('',(#1338));
#949=EDGE_LOOP('',(#1339));
#950=EDGE_LOOP('',(#1340));
#951=EDGE_LOOP('',(#1341));
#952=EDGE_LOOP('',(#1342));
#953=EDGE_LOOP('',(#1343));
#954=EDGE_LOOP('',(#1344));
#955=EDGE_LOOP('',(#1345));
#956=EDGE_LOOP('',(#1346));
#957=EDGE_LOOP('',(#1347));
#958=EDGE_LOOP('',(#1348));
#959=EDGE_LOOP('',(#1349));
#960=EDGE_LOOP('',(#1350));
#961=EDGE_LOOP('',(#1351));
#962=EDGE_LOOP('',(#1352));
#963=EDGE_LOOP('',(#1353));
#964=EDGE_LOOP('',(#1354));
#965=EDGE_LOOP('',(#1355));
#966=EDGE_LOOP('',(#1356));
#967=EDGE_LOOP('',(#1357));
#968=EDGE_LOOP('',(#1358));
#969=EDGE_LOOP('',(#1359));
#970=EDGE_LOOP('',(#1360));
#971=EDGE_LOOP('',(#1361));
#972=EDGE_LOOP('',(#1362));
#973=EDGE_LOOP('',(#1363,#1364,#1365,#1366,#1367));
#974=EDGE_LOOP('',(#1368,#1369,#1370,#1371));
#975=EDGE_LOOP('',(#1372,#1373,#1374,#1375,#1376,#1377,#1378));
#976=EDGE_LOOP('',(#1379));
#977=EDGE_LOOP('',(#1380));
#978=EDGE_LOOP('',(#1381));
#979=EDGE_LOOP('',(#1382));
#980=EDGE_LOOP('',(#1383,#1384,#1385,#1386));
#981=EDGE_LOOP('',(#1387,#1388,#1389,#1390));
#982=EDGE_LOOP('',(#1391,#1392,#1393,#1394,#1395,#1396,#1397));
#983=EDGE_LOOP('',(#1398));
#984=EDGE_LOOP('',(#1399));
#985=EDGE_LOOP('',(#1400));
#986=EDGE_LOOP('',(#1401));
#987=EDGE_LOOP('',(#1402,#1403,#1404,#1405));
#988=EDGE_LOOP('',(#1406,#1407,#1408,#1409));
#989=EDGE_LOOP('',(#1410,#1411,#1412,#1413));
#990=EDGE_LOOP('',(#1414,#1415,#1416,#1417));
#991=EDGE_LOOP('',(#1418,#1419,#1420,#1421));
#992=EDGE_LOOP('',(#1422));
#993=EDGE_LOOP('',(#1423));
#994=ORIENTED_EDGE('',*,*,#1586,.T.);
#995=ORIENTED_EDGE('',*,*,#1587,.T.);
#996=ORIENTED_EDGE('',*,*,#1588,.T.);
#997=ORIENTED_EDGE('',*,*,#1589,.F.);
#998=ORIENTED_EDGE('',*,*,#1590,.T.);
#999=ORIENTED_EDGE('',*,*,#1591,.T.);
#1000=ORIENTED_EDGE('',*,*,#1592,.T.);
#1001=ORIENTED_EDGE('',*,*,#1593,.T.);
#1002=ORIENTED_EDGE('',*,*,#1594,.T.);
#1003=ORIENTED_EDGE('',*,*,#1595,.F.);
#1004=ORIENTED_EDGE('',*,*,#1596,.T.);
#1005=ORIENTED_EDGE('',*,*,#1597,.T.);
#1006=ORIENTED_EDGE('',*,*,#1598,.T.);
#1007=ORIENTED_EDGE('',*,*,#1599,.T.);
#1008=ORIENTED_EDGE('',*,*,#1600,.T.);
#1009=ORIENTED_EDGE('',*,*,#1601,.T.);
#1010=ORIENTED_EDGE('',*,*,#1602,.T.);
#1011=ORIENTED_EDGE('',*,*,#1603,.F.);
#1012=ORIENTED_EDGE('',*,*,#1604,.F.);
#1013=ORIENTED_EDGE('',*,*,#1605,.T.);
#1014=ORIENTED_EDGE('',*,*,#1606,.T.);
#1015=ORIENTED_EDGE('',*,*,#1607,.T.);
#1016=ORIENTED_EDGE('',*,*,#1608,.T.);
#1017=ORIENTED_EDGE('',*,*,#1609,.F.);
#1018=ORIENTED_EDGE('',*,*,#1594,.F.);
#1019=ORIENTED_EDGE('',*,*,#1610,.T.);
#1020=ORIENTED_EDGE('',*,*,#1611,.T.);
#1021=ORIENTED_EDGE('',*,*,#1612,.F.);
#1022=ORIENTED_EDGE('',*,*,#1613,.T.);
#1023=ORIENTED_EDGE('',*,*,#1614,.T.);
#1024=ORIENTED_EDGE('',*,*,#1615,.T.);
#1025=ORIENTED_EDGE('',*,*,#1616,.T.);
#1026=ORIENTED_EDGE('',*,*,#1617,.T.);
#1027=ORIENTED_EDGE('',*,*,#1618,.F.);
#1028=ORIENTED_EDGE('',*,*,#1619,.T.);
#1029=ORIENTED_EDGE('',*,*,#1620,.T.);
#1030=ORIENTED_EDGE('',*,*,#1621,.T.);
#1031=ORIENTED_EDGE('',*,*,#1622,.T.);
#1032=ORIENTED_EDGE('',*,*,#1623,.T.);
#1033=ORIENTED_EDGE('',*,*,#1624,.T.);
#1034=ORIENTED_EDGE('',*,*,#1625,.T.);
#1035=ORIENTED_EDGE('',*,*,#1626,.T.);
#1036=ORIENTED_EDGE('',*,*,#1627,.T.);
#1037=ORIENTED_EDGE('',*,*,#1628,.T.);
#1038=ORIENTED_EDGE('',*,*,#1629,.T.);
#1039=ORIENTED_EDGE('',*,*,#1630,.T.);
#1040=ORIENTED_EDGE('',*,*,#1631,.F.);
#1041=ORIENTED_EDGE('',*,*,#1632,.T.);
#1042=ORIENTED_EDGE('',*,*,#1633,.T.);
#1043=ORIENTED_EDGE('',*,*,#1602,.F.);
#1044=ORIENTED_EDGE('',*,*,#1634,.F.);
#1045=ORIENTED_EDGE('',*,*,#1635,.T.);
#1046=ORIENTED_EDGE('',*,*,#1636,.F.);
#1047=ORIENTED_EDGE('',*,*,#1637,.T.);
#1048=ORIENTED_EDGE('',*,*,#1638,.T.);
#1049=ORIENTED_EDGE('',*,*,#1639,.T.);
#1050=ORIENTED_EDGE('',*,*,#1640,.T.);
#1051=ORIENTED_EDGE('',*,*,#1641,.T.);
#1052=ORIENTED_EDGE('',*,*,#1642,.T.);
#1053=ORIENTED_EDGE('',*,*,#1643,.F.);
#1054=ORIENTED_EDGE('',*,*,#1644,.F.);
#1055=ORIENTED_EDGE('',*,*,#1645,.F.);
#1056=ORIENTED_EDGE('',*,*,#1646,.F.);
#1057=ORIENTED_EDGE('',*,*,#1647,.F.);
#1058=ORIENTED_EDGE('',*,*,#1648,.F.);
#1059=ORIENTED_EDGE('',*,*,#1649,.F.);
#1060=ORIENTED_EDGE('',*,*,#1650,.F.);
#1061=ORIENTED_EDGE('',*,*,#1651,.F.);
#1062=ORIENTED_EDGE('',*,*,#1652,.F.);
#1063=ORIENTED_EDGE('',*,*,#1653,.F.);
#1064=ORIENTED_EDGE('',*,*,#1654,.F.);
#1065=ORIENTED_EDGE('',*,*,#1655,.F.);
#1066=ORIENTED_EDGE('',*,*,#1656,.T.);
#1067=ORIENTED_EDGE('',*,*,#1613,.F.);
#1068=ORIENTED_EDGE('',*,*,#1657,.F.);
#1069=ORIENTED_EDGE('',*,*,#1658,.F.);
#1070=ORIENTED_EDGE('',*,*,#1659,.F.);
#1071=ORIENTED_EDGE('',*,*,#1660,.F.);
#1072=ORIENTED_EDGE('',*,*,#1661,.F.);
#1073=ORIENTED_EDGE('',*,*,#1635,.F.);
#1074=ORIENTED_EDGE('',*,*,#1662,.F.);
#1075=ORIENTED_EDGE('',*,*,#1663,.F.);
#1076=ORIENTED_EDGE('',*,*,#1664,.F.);
#1077=ORIENTED_EDGE('',*,*,#1665,.F.);
#1078=ORIENTED_EDGE('',*,*,#1666,.F.);
#1079=ORIENTED_EDGE('',*,*,#1667,.T.);
#1080=ORIENTED_EDGE('',*,*,#1668,.T.);
#1081=ORIENTED_EDGE('',*,*,#1669,.T.);
#1082=ORIENTED_EDGE('',*,*,#1631,.T.);
#1083=ORIENTED_EDGE('',*,*,#1661,.T.);
#1084=ORIENTED_EDGE('',*,*,#1670,.F.);
#1085=ORIENTED_EDGE('',*,*,#1667,.F.);
#1086=ORIENTED_EDGE('',*,*,#1660,.T.);
#1087=ORIENTED_EDGE('',*,*,#1671,.F.);
#1088=ORIENTED_EDGE('',*,*,#1619,.F.);
#1089=ORIENTED_EDGE('',*,*,#1672,.F.);
#1090=ORIENTED_EDGE('',*,*,#1673,.F.);
#1091=ORIENTED_EDGE('',*,*,#1674,.F.);
#1092=ORIENTED_EDGE('',*,*,#1621,.F.);
#1093=ORIENTED_EDGE('',*,*,#1675,.T.);
#1094=ORIENTED_EDGE('',*,*,#1658,.T.);
#1095=ORIENTED_EDGE('',*,*,#1676,.F.);
#1096=ORIENTED_EDGE('',*,*,#1591,.F.);
#1097=ORIENTED_EDGE('',*,*,#1677,.T.);
#1098=ORIENTED_EDGE('',*,*,#1616,.F.);
#1099=ORIENTED_EDGE('',*,*,#1678,.T.);
#1100=ORIENTED_EDGE('',*,*,#1679,.F.);
#1101=ORIENTED_EDGE('',*,*,#1680,.F.);
#1102=ORIENTED_EDGE('',*,*,#1681,.T.);
#1103=ORIENTED_EDGE('',*,*,#1649,.T.);
#1104=ORIENTED_EDGE('',*,*,#1681,.F.);
#1105=ORIENTED_EDGE('',*,*,#1682,.F.);
#1106=ORIENTED_EDGE('',*,*,#1683,.T.);
#1107=ORIENTED_EDGE('',*,*,#1680,.T.);
#1108=ORIENTED_EDGE('',*,*,#1683,.F.);
#1109=ORIENTED_EDGE('',*,*,#1684,.F.);
#1110=ORIENTED_EDGE('',*,*,#1685,.T.);
#1111=ORIENTED_EDGE('',*,*,#1682,.T.);
#1112=ORIENTED_EDGE('',*,*,#1685,.F.);
#1113=ORIENTED_EDGE('',*,*,#1686,.F.);
#1114=ORIENTED_EDGE('',*,*,#1687,.T.);
#1115=ORIENTED_EDGE('',*,*,#1650,.T.);
#1116=ORIENTED_EDGE('',*,*,#1687,.F.);
#1117=ORIENTED_EDGE('',*,*,#1688,.F.);
#1118=ORIENTED_EDGE('',*,*,#1689,.T.);
#1119=ORIENTED_EDGE('',*,*,#1686,.T.);
#1120=ORIENTED_EDGE('',*,*,#1689,.F.);
#1121=ORIENTED_EDGE('',*,*,#1690,.F.);
#1122=ORIENTED_EDGE('',*,*,#1691,.T.);
#1123=ORIENTED_EDGE('',*,*,#1688,.T.);
#1124=ORIENTED_EDGE('',*,*,#1691,.F.);
#1125=ORIENTED_EDGE('',*,*,#1692,.T.);
#1126=ORIENTED_EDGE('',*,*,#1690,.T.);
#1127=ORIENTED_EDGE('',*,*,#1692,.F.);
#1128=ORIENTED_EDGE('',*,*,#1693,.F.);
#1129=ORIENTED_EDGE('',*,*,#1694,.T.);
#1130=ORIENTED_EDGE('',*,*,#1651,.T.);
#1131=ORIENTED_EDGE('',*,*,#1694,.F.);
#1132=ORIENTED_EDGE('',*,*,#1695,.F.);
#1133=ORIENTED_EDGE('',*,*,#1696,.T.);
#1134=ORIENTED_EDGE('',*,*,#1693,.T.);
#1135=ORIENTED_EDGE('',*,*,#1696,.F.);
#1136=ORIENTED_EDGE('',*,*,#1697,.F.);
#1137=ORIENTED_EDGE('',*,*,#1698,.T.);
#1138=ORIENTED_EDGE('',*,*,#1695,.T.);
#1139=ORIENTED_EDGE('',*,*,#1698,.F.);
#1140=ORIENTED_EDGE('',*,*,#1699,.T.);
#1141=ORIENTED_EDGE('',*,*,#1697,.T.);
#1142=ORIENTED_EDGE('',*,*,#1699,.F.);
#1143=ORIENTED_EDGE('',*,*,#1700,.F.);
#1144=ORIENTED_EDGE('',*,*,#1701,.T.);
#1145=ORIENTED_EDGE('',*,*,#1652,.T.);
#1146=ORIENTED_EDGE('',*,*,#1701,.F.);
#1147=ORIENTED_EDGE('',*,*,#1702,.F.);
#1148=ORIENTED_EDGE('',*,*,#1703,.T.);
#1149=ORIENTED_EDGE('',*,*,#1700,.T.);
#1150=ORIENTED_EDGE('',*,*,#1703,.F.);
#1151=ORIENTED_EDGE('',*,*,#1704,.F.);
#1152=ORIENTED_EDGE('',*,*,#1705,.T.);
#1153=ORIENTED_EDGE('',*,*,#1702,.T.);
#1154=ORIENTED_EDGE('',*,*,#1705,.F.);
#1155=ORIENTED_EDGE('',*,*,#1706,.F.);
#1156=ORIENTED_EDGE('',*,*,#1707,.T.);
#1157=ORIENTED_EDGE('',*,*,#1653,.T.);
#1158=ORIENTED_EDGE('',*,*,#1707,.F.);
#1159=ORIENTED_EDGE('',*,*,#1708,.F.);
#1160=ORIENTED_EDGE('',*,*,#1709,.T.);
#1161=ORIENTED_EDGE('',*,*,#1706,.T.);
#1162=ORIENTED_EDGE('',*,*,#1709,.F.);
#1163=ORIENTED_EDGE('',*,*,#1710,.F.);
#1164=ORIENTED_EDGE('',*,*,#1711,.T.);
#1165=ORIENTED_EDGE('',*,*,#1708,.T.);
#1166=ORIENTED_EDGE('',*,*,#1711,.F.);
#1167=ORIENTED_EDGE('',*,*,#1712,.T.);
#1168=ORIENTED_EDGE('',*,*,#1710,.T.);
#1169=ORIENTED_EDGE('',*,*,#1712,.F.);
#1170=ORIENTED_EDGE('',*,*,#1713,.F.);
#1171=ORIENTED_EDGE('',*,*,#1714,.T.);
#1172=ORIENTED_EDGE('',*,*,#1654,.T.);
#1173=ORIENTED_EDGE('',*,*,#1714,.F.);
#1174=ORIENTED_EDGE('',*,*,#1715,.F.);
#1175=ORIENTED_EDGE('',*,*,#1716,.T.);
#1176=ORIENTED_EDGE('',*,*,#1713,.T.);
#1177=ORIENTED_EDGE('',*,*,#1716,.F.);
#1178=ORIENTED_EDGE('',*,*,#1717,.F.);
#1179=ORIENTED_EDGE('',*,*,#1718,.T.);
#1180=ORIENTED_EDGE('',*,*,#1715,.T.);
#1181=ORIENTED_EDGE('',*,*,#1718,.F.);
#1182=ORIENTED_EDGE('',*,*,#1719,.T.);
#1183=ORIENTED_EDGE('',*,*,#1717,.T.);
#1184=ORIENTED_EDGE('',*,*,#1719,.F.);
#1185=ORIENTED_EDGE('',*,*,#1720,.F.);
#1186=ORIENTED_EDGE('',*,*,#1721,.T.);
#1187=ORIENTED_EDGE('',*,*,#1644,.T.);
#1188=ORIENTED_EDGE('',*,*,#1721,.F.);
#1189=ORIENTED_EDGE('',*,*,#1722,.F.);
#1190=ORIENTED_EDGE('',*,*,#1720,.T.);
#1191=ORIENTED_EDGE('',*,*,#1723,.F.);
#1192=ORIENTED_EDGE('',*,*,#1724,.T.);
#1193=ORIENTED_EDGE('',*,*,#1645,.T.);
#1194=ORIENTED_EDGE('',*,*,#1724,.F.);
#1195=ORIENTED_EDGE('',*,*,#1725,.F.);
#1196=ORIENTED_EDGE('',*,*,#1723,.T.);
#1197=ORIENTED_EDGE('',*,*,#1726,.F.);
#1198=ORIENTED_EDGE('',*,*,#1727,.T.);
#1199=ORIENTED_EDGE('',*,*,#1646,.T.);
#1200=ORIENTED_EDGE('',*,*,#1727,.F.);
#1201=ORIENTED_EDGE('',*,*,#1728,.F.);
#1202=ORIENTED_EDGE('',*,*,#1726,.T.);
#1203=ORIENTED_EDGE('',*,*,#1729,.F.);
#1204=ORIENTED_EDGE('',*,*,#1730,.T.);
#1205=ORIENTED_EDGE('',*,*,#1647,.T.);
#1206=ORIENTED_EDGE('',*,*,#1730,.F.);
#1207=ORIENTED_EDGE('',*,*,#1731,.F.);
#1208=ORIENTED_EDGE('',*,*,#1729,.T.);
#1209=ORIENTED_EDGE('',*,*,#1732,.F.);
#1210=ORIENTED_EDGE('',*,*,#1733,.T.);
#1211=ORIENTED_EDGE('',*,*,#1648,.T.);
#1212=ORIENTED_EDGE('',*,*,#1733,.F.);
#1213=ORIENTED_EDGE('',*,*,#1734,.F.);
#1214=ORIENTED_EDGE('',*,*,#1732,.T.);
#1215=ORIENTED_EDGE('',*,*,#1735,.F.);
#1216=ORIENTED_EDGE('',*,*,#1736,.T.);
#1217=ORIENTED_EDGE('',*,*,#1643,.T.);
#1218=ORIENTED_EDGE('',*,*,#1736,.F.);
#1219=ORIENTED_EDGE('',*,*,#1737,.F.);
#1220=ORIENTED_EDGE('',*,*,#1735,.T.);
#1221=ORIENTED_EDGE('',*,*,#1738,.F.);
#1222=ORIENTED_EDGE('',*,*,#1739,.F.);
#1223=ORIENTED_EDGE('',*,*,#1739,.T.);
#1224=ORIENTED_EDGE('',*,*,#1740,.T.);
#1225=ORIENTED_EDGE('',*,*,#1626,.F.);
#1226=ORIENTED_EDGE('',*,*,#1740,.F.);
#1227=ORIENTED_EDGE('',*,*,#1741,.F.);
#1228=ORIENTED_EDGE('',*,*,#1742,.F.);
#1229=ORIENTED_EDGE('',*,*,#1742,.T.);
#1230=ORIENTED_EDGE('',*,*,#1743,.T.);
#1231=ORIENTED_EDGE('',*,*,#1625,.F.);
#1232=ORIENTED_EDGE('',*,*,#1743,.F.);
#1233=ORIENTED_EDGE('',*,*,#1744,.F.);
#1234=ORIENTED_EDGE('',*,*,#1745,.T.);
#1235=ORIENTED_EDGE('',*,*,#1603,.T.);
#1236=ORIENTED_EDGE('',*,*,#1745,.F.);
#1237=ORIENTED_EDGE('',*,*,#1746,.F.);
#1238=ORIENTED_EDGE('',*,*,#1744,.T.);
#1239=ORIENTED_EDGE('',*,*,#1747,.F.);
#1240=ORIENTED_EDGE('',*,*,#1748,.T.);
#1241=ORIENTED_EDGE('',*,*,#1604,.T.);
#1242=ORIENTED_EDGE('',*,*,#1748,.F.);
#1243=ORIENTED_EDGE('',*,*,#1749,.F.);
#1244=ORIENTED_EDGE('',*,*,#1747,.T.);
#1245=ORIENTED_EDGE('',*,*,#1665,.T.);
#1246=ORIENTED_EDGE('',*,*,#1750,.F.);
#1247=ORIENTED_EDGE('',*,*,#1598,.F.);
#1248=ORIENTED_EDGE('',*,*,#1751,.T.);
#1249=ORIENTED_EDGE('',*,*,#1666,.T.);
#1250=ORIENTED_EDGE('',*,*,#1751,.F.);
#1251=ORIENTED_EDGE('',*,*,#1597,.F.);
#1252=ORIENTED_EDGE('',*,*,#1752,.T.);
#1253=ORIENTED_EDGE('',*,*,#1753,.T.);
#1254=ORIENTED_EDGE('',*,*,#1754,.T.);
#1255=ORIENTED_EDGE('',*,*,#1755,.T.);
#1256=ORIENTED_EDGE('',*,*,#1756,.T.);
#1257=ORIENTED_EDGE('',*,*,#1757,.T.);
#1258=ORIENTED_EDGE('',*,*,#1758,.T.);
#1259=ORIENTED_EDGE('',*,*,#1596,.F.);
#1260=ORIENTED_EDGE('',*,*,#1759,.T.);
#1261=ORIENTED_EDGE('',*,*,#1655,.T.);
#1262=ORIENTED_EDGE('',*,*,#1752,.F.);
#1263=ORIENTED_EDGE('',*,*,#1659,.T.);
#1264=ORIENTED_EDGE('',*,*,#1675,.F.);
#1265=ORIENTED_EDGE('',*,*,#1620,.F.);
#1266=ORIENTED_EDGE('',*,*,#1671,.T.);
#1267=ORIENTED_EDGE('',*,*,#1760,.T.);
#1268=ORIENTED_EDGE('',*,*,#1761,.T.);
#1269=ORIENTED_EDGE('',*,*,#1762,.T.);
#1270=ORIENTED_EDGE('',*,*,#1763,.T.);
#1271=ORIENTED_EDGE('',*,*,#1764,.F.);
#1272=ORIENTED_EDGE('',*,*,#1765,.F.);
#1273=ORIENTED_EDGE('',*,*,#1663,.T.);
#1274=ORIENTED_EDGE('',*,*,#1766,.T.);
#1275=ORIENTED_EDGE('',*,*,#1600,.F.);
#1276=ORIENTED_EDGE('',*,*,#1767,.T.);
#1277=ORIENTED_EDGE('',*,*,#1664,.T.);
#1278=ORIENTED_EDGE('',*,*,#1767,.F.);
#1279=ORIENTED_EDGE('',*,*,#1599,.F.);
#1280=ORIENTED_EDGE('',*,*,#1750,.T.);
#1281=ORIENTED_EDGE('',*,*,#1757,.F.);
#1282=ORIENTED_EDGE('',*,*,#1768,.T.);
#1283=ORIENTED_EDGE('',*,*,#1749,.T.);
#1284=ORIENTED_EDGE('',*,*,#1768,.F.);
#1285=ORIENTED_EDGE('',*,*,#1758,.F.);
#1286=ORIENTED_EDGE('',*,*,#1769,.T.);
#1287=ORIENTED_EDGE('',*,*,#1746,.T.);
#1288=ORIENTED_EDGE('',*,*,#1769,.F.);
#1289=ORIENTED_EDGE('',*,*,#1765,.T.);
#1290=ORIENTED_EDGE('',*,*,#1770,.T.);
#1291=ORIENTED_EDGE('',*,*,#1741,.T.);
#1292=ORIENTED_EDGE('',*,*,#1770,.F.);
#1293=ORIENTED_EDGE('',*,*,#1764,.T.);
#1294=ORIENTED_EDGE('',*,*,#1771,.T.);
#1295=ORIENTED_EDGE('',*,*,#1738,.T.);
#1296=ORIENTED_EDGE('',*,*,#1771,.F.);
#1297=ORIENTED_EDGE('',*,*,#1622,.F.);
#1298=ORIENTED_EDGE('',*,*,#1772,.T.);
#1299=ORIENTED_EDGE('',*,*,#1737,.T.);
#1300=ORIENTED_EDGE('',*,*,#1772,.F.);
#1301=ORIENTED_EDGE('',*,*,#1624,.F.);
#1302=ORIENTED_EDGE('',*,*,#1773,.T.);
#1303=ORIENTED_EDGE('',*,*,#1734,.T.);
#1304=ORIENTED_EDGE('',*,*,#1773,.F.);
#1305=ORIENTED_EDGE('',*,*,#1586,.F.);
#1306=ORIENTED_EDGE('',*,*,#1774,.T.);
#1307=ORIENTED_EDGE('',*,*,#1731,.T.);
#1308=ORIENTED_EDGE('',*,*,#1774,.F.);
#1309=ORIENTED_EDGE('',*,*,#1587,.F.);
#1310=ORIENTED_EDGE('',*,*,#1775,.T.);
#1311=ORIENTED_EDGE('',*,*,#1728,.T.);
#1312=ORIENTED_EDGE('',*,*,#1775,.F.);
#1313=ORIENTED_EDGE('',*,*,#1588,.F.);
#1314=ORIENTED_EDGE('',*,*,#1776,.T.);
#1315=ORIENTED_EDGE('',*,*,#1725,.T.);
#1316=ORIENTED_EDGE('',*,*,#1776,.F.);
#1317=ORIENTED_EDGE('',*,*,#1623,.F.);
#1318=ORIENTED_EDGE('',*,*,#1777,.T.);
#1319=ORIENTED_EDGE('',*,*,#1722,.T.);
#1320=ORIENTED_EDGE('',*,*,#1777,.F.);
#1321=ORIENTED_EDGE('',*,*,#1756,.F.);
#1322=ORIENTED_EDGE('',*,*,#1605,.F.);
#1323=ORIENTED_EDGE('',*,*,#1755,.F.);
#1324=ORIENTED_EDGE('',*,*,#1606,.F.);
#1325=ORIENTED_EDGE('',*,*,#1763,.F.);
#1326=ORIENTED_EDGE('',*,*,#1627,.F.);
#1327=ORIENTED_EDGE('',*,*,#1762,.F.);
#1328=ORIENTED_EDGE('',*,*,#1628,.F.);
#1329=ORIENTED_EDGE('',*,*,#1684,.T.);
#1330=ORIENTED_EDGE('',*,*,#1704,.T.);
#1331=ORIENTED_EDGE('',*,*,#1778,.T.);
#1332=ORIENTED_EDGE('',*,*,#1779,.T.);
#1333=ORIENTED_EDGE('',*,*,#1780,.T.);
#1334=ORIENTED_EDGE('',*,*,#1781,.T.);
#1335=ORIENTED_EDGE('',*,*,#1679,.T.);
#1336=ORIENTED_EDGE('',*,*,#1782,.T.);
#1337=ORIENTED_EDGE('',*,*,#1782,.F.);
#1338=ORIENTED_EDGE('',*,*,#1781,.F.);
#1339=ORIENTED_EDGE('',*,*,#1783,.T.);
#1340=ORIENTED_EDGE('',*,*,#1783,.F.);
#1341=ORIENTED_EDGE('',*,*,#1780,.F.);
#1342=ORIENTED_EDGE('',*,*,#1784,.T.);
#1343=ORIENTED_EDGE('',*,*,#1784,.F.);
#1344=ORIENTED_EDGE('',*,*,#1779,.F.);
#1345=ORIENTED_EDGE('',*,*,#1785,.T.);
#1346=ORIENTED_EDGE('',*,*,#1785,.F.);
#1347=ORIENTED_EDGE('',*,*,#1642,.F.);
#1348=ORIENTED_EDGE('',*,*,#1786,.T.);
#1349=ORIENTED_EDGE('',*,*,#1786,.F.);
#1350=ORIENTED_EDGE('',*,*,#1641,.F.);
#1351=ORIENTED_EDGE('',*,*,#1787,.T.);
#1352=ORIENTED_EDGE('',*,*,#1787,.F.);
#1353=ORIENTED_EDGE('',*,*,#1640,.F.);
#1354=ORIENTED_EDGE('',*,*,#1788,.T.);
#1355=ORIENTED_EDGE('',*,*,#1788,.F.);
#1356=ORIENTED_EDGE('',*,*,#1639,.F.);
#1357=ORIENTED_EDGE('',*,*,#1789,.T.);
#1358=ORIENTED_EDGE('',*,*,#1789,.F.);
#1359=ORIENTED_EDGE('',*,*,#1638,.F.);
#1360=ORIENTED_EDGE('',*,*,#1790,.T.);
#1361=ORIENTED_EDGE('',*,*,#1790,.F.);
#1362=ORIENTED_EDGE('',*,*,#1637,.F.);
#1363=ORIENTED_EDGE('',*,*,#1791,.F.);
#1364=ORIENTED_EDGE('',*,*,#1676,.T.);
#1365=ORIENTED_EDGE('',*,*,#1657,.T.);
#1366=ORIENTED_EDGE('',*,*,#1612,.T.);
#1367=ORIENTED_EDGE('',*,*,#1792,.T.);
#1368=ORIENTED_EDGE('',*,*,#1791,.T.);
#1369=ORIENTED_EDGE('',*,*,#1793,.T.);
#1370=ORIENTED_EDGE('',*,*,#1794,.T.);
#1371=ORIENTED_EDGE('',*,*,#1673,.T.);
#1372=ORIENTED_EDGE('',*,*,#1795,.F.);
#1373=ORIENTED_EDGE('',*,*,#1614,.F.);
#1374=ORIENTED_EDGE('',*,*,#1674,.T.);
#1375=ORIENTED_EDGE('',*,*,#1794,.F.);
#1376=ORIENTED_EDGE('',*,*,#1796,.T.);
#1377=ORIENTED_EDGE('',*,*,#1610,.F.);
#1378=ORIENTED_EDGE('',*,*,#1593,.F.);
#1379=ORIENTED_EDGE('',*,*,#1607,.F.);
#1380=ORIENTED_EDGE('',*,*,#1754,.F.);
#1381=ORIENTED_EDGE('',*,*,#1608,.F.);
#1382=ORIENTED_EDGE('',*,*,#1753,.F.);
#1383=ORIENTED_EDGE('',*,*,#1796,.F.);
#1384=ORIENTED_EDGE('',*,*,#1793,.F.);
#1385=ORIENTED_EDGE('',*,*,#1792,.F.);
#1386=ORIENTED_EDGE('',*,*,#1611,.F.);
#1387=ORIENTED_EDGE('',*,*,#1797,.F.);
#1388=ORIENTED_EDGE('',*,*,#1798,.T.);
#1389=ORIENTED_EDGE('',*,*,#1668,.F.);
#1390=ORIENTED_EDGE('',*,*,#1670,.T.);
#1391=ORIENTED_EDGE('',*,*,#1799,.F.);
#1392=ORIENTED_EDGE('',*,*,#1589,.T.);
#1393=ORIENTED_EDGE('',*,*,#1633,.F.);
#1394=ORIENTED_EDGE('',*,*,#1800,.T.);
#1395=ORIENTED_EDGE('',*,*,#1797,.T.);
#1396=ORIENTED_EDGE('',*,*,#1672,.T.);
#1397=ORIENTED_EDGE('',*,*,#1618,.T.);
#1398=ORIENTED_EDGE('',*,*,#1629,.F.);
#1399=ORIENTED_EDGE('',*,*,#1761,.F.);
#1400=ORIENTED_EDGE('',*,*,#1630,.F.);
#1401=ORIENTED_EDGE('',*,*,#1760,.F.);
#1402=ORIENTED_EDGE('',*,*,#1662,.T.);
#1403=ORIENTED_EDGE('',*,*,#1634,.T.);
#1404=ORIENTED_EDGE('',*,*,#1601,.F.);
#1405=ORIENTED_EDGE('',*,*,#1766,.F.);
#1406=ORIENTED_EDGE('',*,*,#1595,.T.);
#1407=ORIENTED_EDGE('',*,*,#1609,.T.);
#1408=ORIENTED_EDGE('',*,*,#1656,.F.);
#1409=ORIENTED_EDGE('',*,*,#1759,.F.);
#1410=ORIENTED_EDGE('',*,*,#1669,.F.);
#1411=ORIENTED_EDGE('',*,*,#1798,.F.);
#1412=ORIENTED_EDGE('',*,*,#1800,.F.);
#1413=ORIENTED_EDGE('',*,*,#1632,.F.);
#1414=ORIENTED_EDGE('',*,*,#1590,.F.);
#1415=ORIENTED_EDGE('',*,*,#1799,.T.);
#1416=ORIENTED_EDGE('',*,*,#1617,.F.);
#1417=ORIENTED_EDGE('',*,*,#1677,.F.);
#1418=ORIENTED_EDGE('',*,*,#1678,.F.);
#1419=ORIENTED_EDGE('',*,*,#1615,.F.);
#1420=ORIENTED_EDGE('',*,*,#1795,.T.);
#1421=ORIENTED_EDGE('',*,*,#1592,.F.);
#1422=ORIENTED_EDGE('',*,*,#1636,.T.);
#1423=ORIENTED_EDGE('',*,*,#1778,.F.);
#1424=VERTEX_POINT('',#2662);
#1425=VERTEX_POINT('',#2664);
#1426=VERTEX_POINT('',#2666);
#1427=VERTEX_POINT('',#2668);
#1428=VERTEX_POINT('',#2669);
#1429=VERTEX_POINT('',#2671);
#1430=VERTEX_POINT('',#2673);
#1431=VERTEX_POINT('',#2675);
#1432=VERTEX_POINT('',#2677);
#1433=VERTEX_POINT('',#2679);
#1434=VERTEX_POINT('',#2681);
#1435=VERTEX_POINT('',#2683);
#1436=VERTEX_POINT('',#2685);
#1437=VERTEX_POINT('',#2687);
#1438=VERTEX_POINT('',#2689);
#1439=VERTEX_POINT('',#2691);
#1440=VERTEX_POINT('',#2693);
#1441=VERTEX_POINT('',#2697);
#1442=VERTEX_POINT('',#2699);
#1443=VERTEX_POINT('',#2701);
#1444=VERTEX_POINT('',#2703);
#1445=VERTEX_POINT('',#2705);
#1446=VERTEX_POINT('',#2707);
#1447=VERTEX_POINT('',#2709);
#1448=VERTEX_POINT('',#2711);
#1449=VERTEX_POINT('',#2713);
#1450=VERTEX_POINT('',#2715);
#1451=VERTEX_POINT('',#2719);
#1452=VERTEX_POINT('',#2720);
#1453=VERTEX_POINT('',#2722);
#1454=VERTEX_POINT('',#2724);
#1455=VERTEX_POINT('',#2726);
#1456=VERTEX_POINT('',#2728);
#1457=VERTEX_POINT('',#2730);
#1458=VERTEX_POINT('',#2732);
#1459=VERTEX_POINT('',#2735);
#1460=VERTEX_POINT('',#2737);
#1461=VERTEX_POINT('',#2739);
#1462=VERTEX_POINT('',#2742);
#1463=VERTEX_POINT('',#2744);
#1464=VERTEX_POINT('',#2746);
#1465=VERTEX_POINT('',#2748);
#1466=VERTEX_POINT('',#2750);
#1467=VERTEX_POINT('',#2752);
#1468=VERTEX_POINT('',#2754);
#1469=VERTEX_POINT('',#2755);
#1470=VERTEX_POINT('',#2757);
#1471=VERTEX_POINT('',#2760);
#1472=VERTEX_POINT('',#2764);
#1473=VERTEX_POINT('',#2766);
#1474=VERTEX_POINT('',#2768);
#1475=VERTEX_POINT('',#2770);
#1476=VERTEX_POINT('',#2772);
#1477=VERTEX_POINT('',#2774);
#1478=VERTEX_POINT('',#2776);
#1479=VERTEX_POINT('',#2778);
#1480=VERTEX_POINT('',#2780);
#1481=VERTEX_POINT('',#2782);
#1482=VERTEX_POINT('',#2784);
#1483=VERTEX_POINT('',#2786);
#1484=VERTEX_POINT('',#2788);
#1485=VERTEX_POINT('',#2790);
#1486=VERTEX_POINT('',#2792);
#1487=VERTEX_POINT('',#2794);
#1488=VERTEX_POINT('',#2796);
#1489=VERTEX_POINT('',#2798);
#1490=VERTEX_POINT('',#2800);
#1491=VERTEX_POINT('',#2802);
#1492=VERTEX_POINT('',#2803);
#1493=VERTEX_POINT('',#2806);
#1494=VERTEX_POINT('',#2808);
#1495=VERTEX_POINT('',#2810);
#1496=VERTEX_POINT('',#2812);
#1497=VERTEX_POINT('',#2815);
#1498=VERTEX_POINT('',#2817);
#1499=VERTEX_POINT('',#2819);
#1500=VERTEX_POINT('',#2821);
#1501=VERTEX_POINT('',#2825);
#1502=VERTEX_POINT('',#2827);
#1503=VERTEX_POINT('',#2831);
#1504=VERTEX_POINT('',#2836);
#1505=VERTEX_POINT('',#2837);
#1506=VERTEX_POINT('',#2863);
#1507=VERTEX_POINT('',#2866);
#1508=VERTEX_POINT('',#2870);
#1509=VERTEX_POINT('',#2934);
#1510=VERTEX_POINT('',#2938);
#1511=VERTEX_POINT('',#2942);
#1512=VERTEX_POINT('',#2946);
#1513=VERTEX_POINT('',#2950);
#1514=VERTEX_POINT('',#2953);
#1515=VERTEX_POINT('',#2957);
#1516=VERTEX_POINT('',#2961);
#1517=VERTEX_POINT('',#2965);
#1518=VERTEX_POINT('',#2968);
#1519=VERTEX_POINT('',#2972);
#1520=VERTEX_POINT('',#3036);
#1521=VERTEX_POINT('',#3040);
#1522=VERTEX_POINT('',#3044);
#1523=VERTEX_POINT('',#3048);
#1524=VERTEX_POINT('',#3052);
#1525=VERTEX_POINT('',#3055);
#1526=VERTEX_POINT('',#3059);
#1527=VERTEX_POINT('',#3063);
#1528=VERTEX_POINT('',#3067);
#1529=VERTEX_POINT('',#3070);
#1530=VERTEX_POINT('',#3074);
#1531=VERTEX_POINT('',#3077);
#1532=VERTEX_POINT('',#3081);
#1533=VERTEX_POINT('',#3084);
#1534=VERTEX_POINT('',#3088);
#1535=VERTEX_POINT('',#3091);
#1536=VERTEX_POINT('',#3095);
#1537=VERTEX_POINT('',#3098);
#1538=VERTEX_POINT('',#3102);
#1539=VERTEX_POINT('',#3105);
#1540=VERTEX_POINT('',#3109);
#1541=VERTEX_POINT('',#3112);
#1542=VERTEX_POINT('',#3114);
#1543=VERTEX_POINT('',#3119);
#1544=VERTEX_POINT('',#3121);
#1545=VERTEX_POINT('',#3126);
#1546=VERTEX_POINT('',#3130);
#1547=VERTEX_POINT('',#3133);
#1548=VERTEX_POINT('',#3137);
#1549=VERTEX_POINT('',#3145);
#1550=VERTEX_POINT('',#3147);
#1551=VERTEX_POINT('',#3149);
#1552=VERTEX_POINT('',#3151);
#1553=VERTEX_POINT('',#3153);
#1554=VERTEX_POINT('',#3155);
#1555=VERTEX_POINT('',#3160);
#1556=VERTEX_POINT('',#3162);
#1557=VERTEX_POINT('',#3164);
#1558=VERTEX_POINT('',#3166);
#1559=VERTEX_POINT('',#3168);
#1560=VERTEX_POINT('',#3170);
#1561=VERTEX_POINT('',#3202);
#1562=VERTEX_POINT('',#3204);
#1563=VERTEX_POINT('',#3206);
#1564=VERTEX_POINT('',#3208);
#1565=VERTEX_POINT('',#3211);
#1566=VERTEX_POINT('',#3212);
#1567=VERTEX_POINT('',#3216);
#1568=VERTEX_POINT('',#3217);
#1569=VERTEX_POINT('',#3221);
#1570=VERTEX_POINT('',#3222);
#1571=VERTEX_POINT('',#3226);
#1572=VERTEX_POINT('',#3227);
#1573=VERTEX_POINT('',#3231);
#1574=VERTEX_POINT('',#3232);
#1575=VERTEX_POINT('',#3236);
#1576=VERTEX_POINT('',#3237);
#1577=VERTEX_POINT('',#3241);
#1578=VERTEX_POINT('',#3242);
#1579=VERTEX_POINT('',#3246);
#1580=VERTEX_POINT('',#3247);
#1581=VERTEX_POINT('',#3251);
#1582=VERTEX_POINT('',#3252);
#1583=VERTEX_POINT('',#3256);
#1584=VERTEX_POINT('',#3260);
#1585=VERTEX_POINT('',#3270);
#1586=EDGE_CURVE('',#1424,#1424,#1801,.T.);
#1587=EDGE_CURVE('',#1425,#1425,#1802,.T.);
#1588=EDGE_CURVE('',#1426,#1426,#1803,.T.);
#1589=EDGE_CURVE('',#1427,#1428,#459,.T.);
#1590=EDGE_CURVE('',#1427,#1429,#460,.T.);
#1591=EDGE_CURVE('',#1429,#1430,#1804,.T.);
#1592=EDGE_CURVE('',#1430,#1431,#461,.T.);
#1593=EDGE_CURVE('',#1431,#1432,#462,.T.);
#1594=EDGE_CURVE('',#1432,#1433,#463,.T.);
#1595=EDGE_CURVE('',#1434,#1433,#464,.T.);
#1596=EDGE_CURVE('',#1434,#1435,#465,.T.);
#1597=EDGE_CURVE('',#1435,#1436,#466,.T.);
#1598=EDGE_CURVE('',#1436,#1437,#467,.T.);
#1599=EDGE_CURVE('',#1437,#1438,#468,.T.);
#1600=EDGE_CURVE('',#1438,#1439,#469,.T.);
#1601=EDGE_CURVE('',#1439,#1440,#470,.T.);
#1602=EDGE_CURVE('',#1440,#1428,#471,.T.);
#1603=EDGE_CURVE('',#1441,#1441,#1805,.T.);
#1604=EDGE_CURVE('',#1442,#1442,#1806,.T.);
#1605=EDGE_CURVE('',#1443,#1443,#1807,.T.);
#1606=EDGE_CURVE('',#1444,#1444,#1808,.T.);
#1607=EDGE_CURVE('',#1445,#1445,#1809,.T.);
#1608=EDGE_CURVE('',#1446,#1446,#1810,.T.);
#1609=EDGE_CURVE('',#1433,#1447,#472,.T.);
#1610=EDGE_CURVE('',#1432,#1448,#473,.T.);
#1611=EDGE_CURVE('',#1448,#1449,#474,.T.);
#1612=EDGE_CURVE('',#1450,#1449,#475,.T.);
#1613=EDGE_CURVE('',#1450,#1447,#476,.T.);
#1614=EDGE_CURVE('',#1451,#1452,#477,.T.);
#1615=EDGE_CURVE('',#1452,#1453,#478,.T.);
#1616=EDGE_CURVE('',#1453,#1454,#1811,.T.);
#1617=EDGE_CURVE('',#1454,#1455,#479,.T.);
#1618=EDGE_CURVE('',#1456,#1455,#480,.T.);
#1619=EDGE_CURVE('',#1456,#1457,#481,.T.);
#1620=EDGE_CURVE('',#1457,#1458,#482,.T.);
#1621=EDGE_CURVE('',#1458,#1451,#483,.T.);
#1622=EDGE_CURVE('',#1459,#1459,#1812,.T.);
#1623=EDGE_CURVE('',#1460,#1460,#1813,.T.);
#1624=EDGE_CURVE('',#1461,#1461,#1814,.T.);
#1625=EDGE_CURVE('',#1462,#1462,#1815,.T.);
#1626=EDGE_CURVE('',#1463,#1463,#1816,.T.);
#1627=EDGE_CURVE('',#1464,#1464,#1817,.T.);
#1628=EDGE_CURVE('',#1465,#1465,#1818,.T.);
#1629=EDGE_CURVE('',#1466,#1466,#1819,.T.);
#1630=EDGE_CURVE('',#1467,#1467,#1820,.T.);
#1631=EDGE_CURVE('',#1468,#1469,#484,.T.);
#1632=EDGE_CURVE('',#1468,#1470,#485,.T.);
#1633=EDGE_CURVE('',#1470,#1428,#486,.T.);
#1634=EDGE_CURVE('',#1471,#1440,#487,.T.);
#1635=EDGE_CURVE('',#1471,#1469,#488,.T.);
#1636=EDGE_CURVE('',#1472,#1472,#1821,.T.);
#1637=EDGE_CURVE('',#1473,#1473,#1822,.T.);
#1638=EDGE_CURVE('',#1474,#1474,#1823,.T.);
#1639=EDGE_CURVE('',#1475,#1475,#1824,.T.);
#1640=EDGE_CURVE('',#1476,#1476,#1825,.T.);
#1641=EDGE_CURVE('',#1477,#1477,#1826,.T.);
#1642=EDGE_CURVE('',#1478,#1478,#1827,.T.);
#1643=EDGE_CURVE('',#1479,#1479,#1828,.T.);
#1644=EDGE_CURVE('',#1480,#1480,#1829,.T.);
#1645=EDGE_CURVE('',#1481,#1481,#1830,.T.);
#1646=EDGE_CURVE('',#1482,#1482,#1831,.T.);
#1647=EDGE_CURVE('',#1483,#1483,#1832,.T.);
#1648=EDGE_CURVE('',#1484,#1484,#1833,.T.);
#1649=EDGE_CURVE('',#1485,#1485,#1834,.T.);
#1650=EDGE_CURVE('',#1486,#1486,#1835,.T.);
#1651=EDGE_CURVE('',#1487,#1487,#1836,.T.);
#1652=EDGE_CURVE('',#1488,#1488,#1837,.T.);
#1653=EDGE_CURVE('',#1489,#1489,#1838,.T.);
#1654=EDGE_CURVE('',#1490,#1490,#1839,.T.);
#1655=EDGE_CURVE('',#1491,#1492,#489,.T.);
#1656=EDGE_CURVE('',#1491,#1447,#490,.T.);
#1657=EDGE_CURVE('',#1493,#1450,#491,.T.);
#1658=EDGE_CURVE('',#1494,#1493,#492,.T.);
#1659=EDGE_CURVE('',#1495,#1494,#493,.T.);
#1660=EDGE_CURVE('',#1496,#1495,#494,.T.);
#1661=EDGE_CURVE('',#1469,#1496,#495,.T.);
#1662=EDGE_CURVE('',#1497,#1471,#496,.T.);
#1663=EDGE_CURVE('',#1498,#1497,#497,.T.);
#1664=EDGE_CURVE('',#1499,#1498,#498,.T.);
#1665=EDGE_CURVE('',#1500,#1499,#499,.T.);
#1666=EDGE_CURVE('',#1492,#1500,#500,.T.);
#1667=EDGE_CURVE('',#1496,#1501,#501,.T.);
#1668=EDGE_CURVE('',#1501,#1502,#502,.T.);
#1669=EDGE_CURVE('',#1502,#1468,#1840,.T.);
#1670=EDGE_CURVE('',#1501,#1503,#503,.T.);
#1671=EDGE_CURVE('',#1457,#1495,#504,.T.);
#1672=EDGE_CURVE('',#1503,#1456,#505,.T.);
#1673=EDGE_CURVE('',#1504,#1505,#506,.T.);
#1674=EDGE_CURVE('',#1451,#1504,#507,.T.);
#1675=EDGE_CURVE('',#1458,#1494,#508,.T.);
#1676=EDGE_CURVE('',#1505,#1493,#509,.T.);
#1677=EDGE_CURVE('',#1429,#1454,#253,.T.);
#1678=EDGE_CURVE('',#1453,#1430,#254,.T.);
#1679=EDGE_CURVE('',#1506,#1506,#1841,.T.);
#1680=EDGE_CURVE('',#1507,#1507,#1842,.T.);
#1681=EDGE_CURVE('',#1507,#1485,#510,.T.);
#1682=EDGE_CURVE('',#1508,#1508,#1843,.T.);
#1683=EDGE_CURVE('',#1508,#1507,#511,.T.);
#1684=EDGE_CURVE('',#1509,#1509,#255,.T.);
#1685=EDGE_CURVE('',#1509,#1508,#512,.T.);
#1686=EDGE_CURVE('',#1510,#1510,#1844,.T.);
#1687=EDGE_CURVE('',#1510,#1486,#513,.T.);
#1688=EDGE_CURVE('',#1511,#1511,#1845,.T.);
#1689=EDGE_CURVE('',#1511,#1510,#514,.T.);
#1690=EDGE_CURVE('',#1512,#1512,#1846,.T.);
#1691=EDGE_CURVE('',#1512,#1511,#515,.T.);
#1692=EDGE_CURVE('',#1513,#1512,#516,.T.);
#1693=EDGE_CURVE('',#1514,#1514,#1847,.T.);
#1694=EDGE_CURVE('',#1514,#1487,#517,.T.);
#1695=EDGE_CURVE('',#1515,#1515,#1848,.T.);
#1696=EDGE_CURVE('',#1515,#1514,#518,.T.);
#1697=EDGE_CURVE('',#1516,#1516,#1849,.T.);
#1698=EDGE_CURVE('',#1516,#1515,#519,.T.);
#1699=EDGE_CURVE('',#1517,#1516,#520,.T.);
#1700=EDGE_CURVE('',#1518,#1518,#1850,.T.);
#1701=EDGE_CURVE('',#1518,#1488,#521,.T.);
#1702=EDGE_CURVE('',#1519,#1519,#1851,.T.);
#1703=EDGE_CURVE('',#1519,#1518,#522,.T.);
#1704=EDGE_CURVE('',#1520,#1520,#256,.T.);
#1705=EDGE_CURVE('',#1520,#1519,#523,.T.);
#1706=EDGE_CURVE('',#1521,#1521,#1852,.T.);
#1707=EDGE_CURVE('',#1521,#1489,#524,.T.);
#1708=EDGE_CURVE('',#1522,#1522,#1853,.T.);
#1709=EDGE_CURVE('',#1522,#1521,#525,.T.);
#1710=EDGE_CURVE('',#1523,#1523,#1854,.T.);
#1711=EDGE_CURVE('',#1523,#1522,#526,.T.);
#1712=EDGE_CURVE('',#1524,#1523,#527,.T.);
#1713=EDGE_CURVE('',#1525,#1525,#1855,.T.);
#1714=EDGE_CURVE('',#1525,#1490,#528,.T.);
#1715=EDGE_CURVE('',#1526,#1526,#1856,.T.);
#1716=EDGE_CURVE('',#1526,#1525,#529,.T.);
#1717=EDGE_CURVE('',#1527,#1527,#1857,.T.);
#1718=EDGE_CURVE('',#1527,#1526,#530,.T.);
#1719=EDGE_CURVE('',#1528,#1527,#531,.T.);
#1720=EDGE_CURVE('',#1529,#1529,#1858,.T.);
#1721=EDGE_CURVE('',#1529,#1480,#532,.T.);
#1722=EDGE_CURVE('',#1530,#1530,#1859,.T.);
#1723=EDGE_CURVE('',#1531,#1531,#1860,.T.);
#1724=EDGE_CURVE('',#1531,#1481,#533,.T.);
#1725=EDGE_CURVE('',#1532,#1532,#1861,.T.);
#1726=EDGE_CURVE('',#1533,#1533,#1862,.T.);
#1727=EDGE_CURVE('',#1533,#1482,#534,.T.);
#1728=EDGE_CURVE('',#1534,#1534,#1863,.T.);
#1729=EDGE_CURVE('',#1535,#1535,#1864,.T.);
#1730=EDGE_CURVE('',#1535,#1483,#535,.T.);
#1731=EDGE_CURVE('',#1536,#1536,#1865,.T.);
#1732=EDGE_CURVE('',#1537,#1537,#1866,.T.);
#1733=EDGE_CURVE('',#1537,#1484,#536,.T.);
#1734=EDGE_CURVE('',#1538,#1538,#1867,.T.);
#1735=EDGE_CURVE('',#1539,#1539,#1868,.T.);
#1736=EDGE_CURVE('',#1539,#1479,#537,.T.);
#1737=EDGE_CURVE('',#1540,#1540,#1869,.T.);
#1738=EDGE_CURVE('',#1541,#1541,#1870,.T.);
#1739=EDGE_CURVE('',#1542,#1542,#1871,.T.);
#1740=EDGE_CURVE('',#1542,#1463,#538,.T.);
#1741=EDGE_CURVE('',#1543,#1543,#1872,.T.);
#1742=EDGE_CURVE('',#1544,#1544,#1873,.T.);
#1743=EDGE_CURVE('',#1544,#1462,#539,.T.);
#1744=EDGE_CURVE('',#1545,#1545,#1874,.T.);
#1745=EDGE_CURVE('',#1545,#1441,#540,.T.);
#1746=EDGE_CURVE('',#1546,#1546,#1875,.T.);
#1747=EDGE_CURVE('',#1547,#1547,#1876,.T.);
#1748=EDGE_CURVE('',#1547,#1442,#541,.T.);
#1749=EDGE_CURVE('',#1548,#1548,#1877,.T.);
#1750=EDGE_CURVE('',#1437,#1499,#542,.T.);
#1751=EDGE_CURVE('',#1436,#1500,#543,.T.);
#1752=EDGE_CURVE('',#1435,#1492,#544,.T.);
#1753=EDGE_CURVE('',#1549,#1549,#1878,.T.);
#1754=EDGE_CURVE('',#1550,#1550,#1879,.T.);
#1755=EDGE_CURVE('',#1551,#1551,#1880,.T.);
#1756=EDGE_CURVE('',#1552,#1552,#1881,.T.);
#1757=EDGE_CURVE('',#1553,#1553,#1882,.T.);
#1758=EDGE_CURVE('',#1554,#1554,#1883,.T.);
#1759=EDGE_CURVE('',#1434,#1491,#545,.T.);
#1760=EDGE_CURVE('',#1555,#1555,#1884,.T.);
#1761=EDGE_CURVE('',#1556,#1556,#1885,.T.);
#1762=EDGE_CURVE('',#1557,#1557,#1886,.T.);
#1763=EDGE_CURVE('',#1558,#1558,#1887,.T.);
#1764=EDGE_CURVE('',#1559,#1559,#1888,.T.);
#1765=EDGE_CURVE('',#1560,#1560,#1889,.T.);
#1766=EDGE_CURVE('',#1497,#1439,#546,.T.);
#1767=EDGE_CURVE('',#1438,#1498,#547,.T.);
#1768=EDGE_CURVE('',#1553,#1548,#548,.T.);
#1769=EDGE_CURVE('',#1554,#1546,#549,.T.);
#1770=EDGE_CURVE('',#1560,#1543,#550,.T.);
#1771=EDGE_CURVE('',#1559,#1541,#551,.T.);
#1772=EDGE_CURVE('',#1459,#1540,#552,.T.);
#1773=EDGE_CURVE('',#1461,#1538,#553,.T.);
#1774=EDGE_CURVE('',#1424,#1536,#554,.T.);
#1775=EDGE_CURVE('',#1425,#1534,#555,.T.);
#1776=EDGE_CURVE('',#1426,#1532,#556,.T.);
#1777=EDGE_CURVE('',#1460,#1530,#557,.T.);
#1778=EDGE_CURVE('',#1561,#1561,#1890,.T.);
#1779=EDGE_CURVE('',#1562,#1562,#1891,.T.);
#1780=EDGE_CURVE('',#1563,#1563,#1892,.T.);
#1781=EDGE_CURVE('',#1564,#1564,#1893,.T.);
#1782=EDGE_CURVE('',#1565,#1565,#1894,.T.);
#1783=EDGE_CURVE('',#1567,#1567,#1895,.T.);
#1784=EDGE_CURVE('',#1569,#1569,#1896,.T.);
#1785=EDGE_CURVE('',#1571,#1571,#1897,.T.);
#1786=EDGE_CURVE('',#1573,#1573,#1898,.T.);
#1787=EDGE_CURVE('',#1575,#1575,#1899,.T.);
#1788=EDGE_CURVE('',#1577,#1577,#1900,.T.);
#1789=EDGE_CURVE('',#1579,#1579,#1901,.T.);
#1790=EDGE_CURVE('',#1581,#1581,#1902,.T.);
#1791=EDGE_CURVE('',#1505,#1583,#558,.T.);
#1792=EDGE_CURVE('',#1449,#1583,#1903,.T.);
#1793=EDGE_CURVE('',#1583,#1584,#559,.T.);
#1794=EDGE_CURVE('',#1584,#1504,#560,.T.);
#1795=EDGE_CURVE('',#1452,#1431,#1904,.T.);
#1796=EDGE_CURVE('',#1584,#1448,#1905,.T.);
#1797=EDGE_CURVE('',#1585,#1503,#561,.T.);
#1798=EDGE_CURVE('',#1585,#1502,#562,.T.);
#1799=EDGE_CURVE('',#1427,#1455,#1906,.T.);
#1800=EDGE_CURVE('',#1470,#1585,#1907,.T.);
#1801=CIRCLE('',#1909,2.8067);
#1802=CIRCLE('',#1910,2.8067);
#1803=CIRCLE('',#1911,2.8067);
#1804=CIRCLE('',#1912,52.2482349249977);
#1805=CIRCLE('',#1914,4.3688);
#1806=CIRCLE('',#1915,4.3688);
#1807=CIRCLE('',#1916,3.3);
#1808=CIRCLE('',#1917,3.3);
#1809=CIRCLE('',#1918,3.5);
#1810=CIRCLE('',#1919,3.5);
#1811=CIRCLE('',#1921,52.2482349249977);
#1812=CIRCLE('',#1922,2.8067);
#1813=CIRCLE('',#1923,2.8067);
#1814=CIRCLE('',#1924,2.8067);
#1815=CIRCLE('',#1926,4.3688);
#1816=CIRCLE('',#1927,4.3688);
#1817=CIRCLE('',#1928,3.3);
#1818=CIRCLE('',#1929,3.3);
#1819=CIRCLE('',#1930,3.5);
#1820=CIRCLE('',#1931,3.5);
#1821=CIRCLE('',#1933,40.25);
#1822=CIRCLE('',#1934,2.0193);
#1823=CIRCLE('',#1935,2.0193);
#1824=CIRCLE('',#1936,2.0193);
#1825=CIRCLE('',#1937,2.0193);
#1826=CIRCLE('',#1938,2.0193);
#1827=CIRCLE('',#1939,2.0193);
#1828=CIRCLE('',#1940,4.3688);
#1829=CIRCLE('',#1941,4.3688);
#1830=CIRCLE('',#1942,4.3688);
#1831=CIRCLE('',#1943,4.3688);
#1832=CIRCLE('',#1944,4.3688);
#1833=CIRCLE('',#1945,4.3688);
#1834=CIRCLE('',#1946,2.8067);
#1835=CIRCLE('',#1947,2.8067);
#1836=CIRCLE('',#1948,2.8067);
#1837=CIRCLE('',#1949,2.8067);
#1838=CIRCLE('',#1950,2.8067);
#1839=CIRCLE('',#1951,2.8067);
#1840=CIRCLE('',#1953,8.);
#1841=CIRCLE('',#1957,52.2482349249977);
#1842=CIRCLE('',#1959,2.8067);
#1843=CIRCLE('',#1961,2.0193);
#1844=CIRCLE('',#1964,2.8067);
#1845=CIRCLE('',#1966,2.0193);
#1846=CIRCLE('',#1968,2.0193);
#1847=CIRCLE('',#1971,2.8067);
#1848=CIRCLE('',#1973,2.0193);
#1849=CIRCLE('',#1975,2.0193);
#1850=CIRCLE('',#1978,2.8067);
#1851=CIRCLE('',#1980,2.0193);
#1852=CIRCLE('',#1983,2.8067);
#1853=CIRCLE('',#1985,2.0193);
#1854=CIRCLE('',#1987,2.0193);
#1855=CIRCLE('',#1990,2.8067);
#1856=CIRCLE('',#1992,2.0193);
#1857=CIRCLE('',#1994,2.0193);
#1858=CIRCLE('',#1997,4.3688);
#1859=CIRCLE('',#1999,2.8067);
#1860=CIRCLE('',#2001,4.3688);
#1861=CIRCLE('',#2003,2.8067);
#1862=CIRCLE('',#2005,4.3688);
#1863=CIRCLE('',#2007,2.8067);
#1864=CIRCLE('',#2009,4.3688);
#1865=CIRCLE('',#2011,2.8067);
#1866=CIRCLE('',#2013,4.3688);
#1867=CIRCLE('',#2015,2.8067);
#1868=CIRCLE('',#2017,4.3688);
#1869=CIRCLE('',#2019,2.8067);
#1870=CIRCLE('',#2021,2.8067);
#1871=CIRCLE('',#2022,4.3688);
#1872=CIRCLE('',#2025,2.8067);
#1873=CIRCLE('',#2026,4.3688);
#1874=CIRCLE('',#2029,4.3688);
#1875=CIRCLE('',#2031,2.8067);
#1876=CIRCLE('',#2033,4.3688);
#1877=CIRCLE('',#2035,2.8067);
#1878=CIRCLE('',#2039,3.5);
#1879=CIRCLE('',#2040,3.5);
#1880=CIRCLE('',#2041,3.3);
#1881=CIRCLE('',#2042,3.3);
#1882=CIRCLE('',#2043,2.8067);
#1883=CIRCLE('',#2044,2.8067);
#1884=CIRCLE('',#2047,3.5);
#1885=CIRCLE('',#2048,3.5);
#1886=CIRCLE('',#2049,3.3);
#1887=CIRCLE('',#2050,3.3);
#1888=CIRCLE('',#2051,2.8067);
#1889=CIRCLE('',#2052,2.8067);
#1890=CIRCLE('',#2071,40.25);
#1891=CIRCLE('',#2072,2.0193);
#1892=CIRCLE('',#2073,2.0193);
#1893=CIRCLE('',#2074,2.0193);
#1894=CIRCLE('',#2076,2.0193);
#1895=CIRCLE('',#2079,2.0193);
#1896=CIRCLE('',#2082,2.0193);
#1897=CIRCLE('',#2085,2.0193);
#1898=CIRCLE('',#2088,2.0193);
#1899=CIRCLE('',#2091,2.0193);
#1900=CIRCLE('',#2094,2.0193);
#1901=CIRCLE('',#2097,2.0193);
#1902=CIRCLE('',#2100,2.0193);
#1903=CIRCLE('',#2103,8.);
#1904=CIRCLE('',#2106,12.7);
#1905=CIRCLE('',#2107,8.);
#1906=CIRCLE('',#2113,12.7);
#1907=CIRCLE('',#2114,8.);
#1908=AXIS2_PLACEMENT_3D('',#2660,#2124,#2125);
#1909=AXIS2_PLACEMENT_3D('',#2661,#2126,#2127);
#1910=AXIS2_PLACEMENT_3D('',#2663,#2128,#2129);
#1911=AXIS2_PLACEMENT_3D('',#2665,#2130,#2131);
#1912=AXIS2_PLACEMENT_3D('',#2672,#2134,#2135);
#1913=AXIS2_PLACEMENT_3D('',#2695,#2147,#2148);
#1914=AXIS2_PLACEMENT_3D('',#2696,#2149,#2150);
#1915=AXIS2_PLACEMENT_3D('',#2698,#2151,#2152);
#1916=AXIS2_PLACEMENT_3D('',#2700,#2153,#2154);
#1917=AXIS2_PLACEMENT_3D('',#2702,#2155,#2156);
#1918=AXIS2_PLACEMENT_3D('',#2704,#2157,#2158);
#1919=AXIS2_PLACEMENT_3D('',#2706,#2159,#2160);
#1920=AXIS2_PLACEMENT_3D('',#2717,#2166,#2167);
#1921=AXIS2_PLACEMENT_3D('',#2723,#2170,#2171);
#1922=AXIS2_PLACEMENT_3D('',#2734,#2177,#2178);
#1923=AXIS2_PLACEMENT_3D('',#2736,#2179,#2180);
#1924=AXIS2_PLACEMENT_3D('',#2738,#2181,#2182);
#1925=AXIS2_PLACEMENT_3D('',#2740,#2183,#2184);
#1926=AXIS2_PLACEMENT_3D('',#2741,#2185,#2186);
#1927=AXIS2_PLACEMENT_3D('',#2743,#2187,#2188);
#1928=AXIS2_PLACEMENT_3D('',#2745,#2189,#2190);
#1929=AXIS2_PLACEMENT_3D('',#2747,#2191,#2192);
#1930=AXIS2_PLACEMENT_3D('',#2749,#2193,#2194);
#1931=AXIS2_PLACEMENT_3D('',#2751,#2195,#2196);
#1932=AXIS2_PLACEMENT_3D('',#2762,#2202,#2203);
#1933=AXIS2_PLACEMENT_3D('',#2763,#2204,#2205);
#1934=AXIS2_PLACEMENT_3D('',#2765,#2206,#2207);
#1935=AXIS2_PLACEMENT_3D('',#2767,#2208,#2209);
#1936=AXIS2_PLACEMENT_3D('',#2769,#2210,#2211);
#1937=AXIS2_PLACEMENT_3D('',#2771,#2212,#2213);
#1938=AXIS2_PLACEMENT_3D('',#2773,#2214,#2215);
#1939=AXIS2_PLACEMENT_3D('',#2775,#2216,#2217);
#1940=AXIS2_PLACEMENT_3D('',#2777,#2218,#2219);
#1941=AXIS2_PLACEMENT_3D('',#2779,#2220,#2221);
#1942=AXIS2_PLACEMENT_3D('',#2781,#2222,#2223);
#1943=AXIS2_PLACEMENT_3D('',#2783,#2224,#2225);
#1944=AXIS2_PLACEMENT_3D('',#2785,#2226,#2227);
#1945=AXIS2_PLACEMENT_3D('',#2787,#2228,#2229);
#1946=AXIS2_PLACEMENT_3D('',#2789,#2230,#2231);
#1947=AXIS2_PLACEMENT_3D('',#2791,#2232,#2233);
#1948=AXIS2_PLACEMENT_3D('',#2793,#2234,#2235);
#1949=AXIS2_PLACEMENT_3D('',#2795,#2236,#2237);
#1950=AXIS2_PLACEMENT_3D('',#2797,#2238,#2239);
#1951=AXIS2_PLACEMENT_3D('',#2799,#2240,#2241);
#1952=AXIS2_PLACEMENT_3D('',#2823,#2254,#2255);
#1953=AXIS2_PLACEMENT_3D('',#2828,#2258,#2259);
#1954=AXIS2_PLACEMENT_3D('',#2829,#2260,#2261);
#1955=AXIS2_PLACEMENT_3D('',#2834,#2265,#2266);
#1956=AXIS2_PLACEMENT_3D('',#2841,#2271,#2272);
#1957=AXIS2_PLACEMENT_3D('',#2862,#2273,#2274);
#1958=AXIS2_PLACEMENT_3D('',#2864,#2275,#2276);
#1959=AXIS2_PLACEMENT_3D('',#2865,#2277,#2278);
#1960=AXIS2_PLACEMENT_3D('',#2868,#2280,#2281);
#1961=AXIS2_PLACEMENT_3D('',#2869,#2282,#2283);
#1962=AXIS2_PLACEMENT_3D('',#2872,#2285,#2286);
#1963=AXIS2_PLACEMENT_3D('',#2936,#2288,#2289);
#1964=AXIS2_PLACEMENT_3D('',#2937,#2290,#2291);
#1965=AXIS2_PLACEMENT_3D('',#2940,#2293,#2294);
#1966=AXIS2_PLACEMENT_3D('',#2941,#2295,#2296);
#1967=AXIS2_PLACEMENT_3D('',#2944,#2298,#2299);
#1968=AXIS2_PLACEMENT_3D('',#2945,#2300,#2301);
#1969=AXIS2_PLACEMENT_3D('',#2948,#2303,#2304);
#1970=AXIS2_PLACEMENT_3D('',#2951,#2306,#2307);
#1971=AXIS2_PLACEMENT_3D('',#2952,#2308,#2309);
#1972=AXIS2_PLACEMENT_3D('',#2955,#2311,#2312);
#1973=AXIS2_PLACEMENT_3D('',#2956,#2313,#2314);
#1974=AXIS2_PLACEMENT_3D('',#2959,#2316,#2317);
#1975=AXIS2_PLACEMENT_3D('',#2960,#2318,#2319);
#1976=AXIS2_PLACEMENT_3D('',#2963,#2321,#2322);
#1977=AXIS2_PLACEMENT_3D('',#2966,#2324,#2325);
#1978=AXIS2_PLACEMENT_3D('',#2967,#2326,#2327);
#1979=AXIS2_PLACEMENT_3D('',#2970,#2329,#2330);
#1980=AXIS2_PLACEMENT_3D('',#2971,#2331,#2332);
#1981=AXIS2_PLACEMENT_3D('',#2974,#2334,#2335);
#1982=AXIS2_PLACEMENT_3D('',#3038,#2337,#2338);
#1983=AXIS2_PLACEMENT_3D('',#3039,#2339,#2340);
#1984=AXIS2_PLACEMENT_3D('',#3042,#2342,#2343);
#1985=AXIS2_PLACEMENT_3D('',#3043,#2344,#2345);
#1986=AXIS2_PLACEMENT_3D('',#3046,#2347,#2348);
#1987=AXIS2_PLACEMENT_3D('',#3047,#2349,#2350);
#1988=AXIS2_PLACEMENT_3D('',#3050,#2352,#2353);
#1989=AXIS2_PLACEMENT_3D('',#3053,#2355,#2356);
#1990=AXIS2_PLACEMENT_3D('',#3054,#2357,#2358);
#1991=AXIS2_PLACEMENT_3D('',#3057,#2360,#2361);
#1992=AXIS2_PLACEMENT_3D('',#3058,#2362,#2363);
#1993=AXIS2_PLACEMENT_3D('',#3061,#2365,#2366);
#1994=AXIS2_PLACEMENT_3D('',#3062,#2367,#2368);
#1995=AXIS2_PLACEMENT_3D('',#3065,#2370,#2371);
#1996=AXIS2_PLACEMENT_3D('',#3068,#2373,#2374);
#1997=AXIS2_PLACEMENT_3D('',#3069,#2375,#2376);
#1998=AXIS2_PLACEMENT_3D('',#3072,#2378,#2379);
#1999=AXIS2_PLACEMENT_3D('',#3073,#2380,#2381);
#2000=AXIS2_PLACEMENT_3D('',#3075,#2382,#2383);
#2001=AXIS2_PLACEMENT_3D('',#3076,#2384,#2385);
#2002=AXIS2_PLACEMENT_3D('',#3079,#2387,#2388);
#2003=AXIS2_PLACEMENT_3D('',#3080,#2389,#2390);
#2004=AXIS2_PLACEMENT_3D('',#3082,#2391,#2392);
#2005=AXIS2_PLACEMENT_3D('',#3083,#2393,#2394);
#2006=AXIS2_PLACEMENT_3D('',#3086,#2396,#2397);
#2007=AXIS2_PLACEMENT_3D('',#3087,#2398,#2399);
#2008=AXIS2_PLACEMENT_3D('',#3089,#2400,#2401);
#2009=AXIS2_PLACEMENT_3D('',#3090,#2402,#2403);
#2010=AXIS2_PLACEMENT_3D('',#3093,#2405,#2406);
#2011=AXIS2_PLACEMENT_3D('',#3094,#2407,#2408);
#2012=AXIS2_PLACEMENT_3D('',#3096,#2409,#2410);
#2013=AXIS2_PLACEMENT_3D('',#3097,#2411,#2412);
#2014=AXIS2_PLACEMENT_3D('',#3100,#2414,#2415);
#2015=AXIS2_PLACEMENT_3D('',#3101,#2416,#2417);
#2016=AXIS2_PLACEMENT_3D('',#3103,#2418,#2419);
#2017=AXIS2_PLACEMENT_3D('',#3104,#2420,#2421);
#2018=AXIS2_PLACEMENT_3D('',#3107,#2423,#2424);
#2019=AXIS2_PLACEMENT_3D('',#3108,#2425,#2426);
#2020=AXIS2_PLACEMENT_3D('',#3110,#2427,#2428);
#2021=AXIS2_PLACEMENT_3D('',#3111,#2429,#2430);
#2022=AXIS2_PLACEMENT_3D('',#3113,#2431,#2432);
#2023=AXIS2_PLACEMENT_3D('',#3115,#2433,#2434);
#2024=AXIS2_PLACEMENT_3D('',#3117,#2436,#2437);
#2025=AXIS2_PLACEMENT_3D('',#3118,#2438,#2439);
#2026=AXIS2_PLACEMENT_3D('',#3120,#2440,#2441);
#2027=AXIS2_PLACEMENT_3D('',#3122,#2442,#2443);
#2028=AXIS2_PLACEMENT_3D('',#3124,#2445,#2446);
#2029=AXIS2_PLACEMENT_3D('',#3125,#2447,#2448);
#2030=AXIS2_PLACEMENT_3D('',#3128,#2450,#2451);
#2031=AXIS2_PLACEMENT_3D('',#3129,#2452,#2453);
#2032=AXIS2_PLACEMENT_3D('',#3131,#2454,#2455);
#2033=AXIS2_PLACEMENT_3D('',#3132,#2456,#2457);
#2034=AXIS2_PLACEMENT_3D('',#3135,#2459,#2460);
#2035=AXIS2_PLACEMENT_3D('',#3136,#2461,#2462);
#2036=AXIS2_PLACEMENT_3D('',#3138,#2463,#2464);
#2037=AXIS2_PLACEMENT_3D('',#3141,#2467,#2468);
#2038=AXIS2_PLACEMENT_3D('',#3143,#2470,#2471);
#2039=AXIS2_PLACEMENT_3D('',#3144,#2472,#2473);
#2040=AXIS2_PLACEMENT_3D('',#3146,#2474,#2475);
#2041=AXIS2_PLACEMENT_3D('',#3148,#2476,#2477);
#2042=AXIS2_PLACEMENT_3D('',#3150,#2478,#2479);
#2043=AXIS2_PLACEMENT_3D('',#3152,#2480,#2481);
#2044=AXIS2_PLACEMENT_3D('',#3154,#2482,#2483);
#2045=AXIS2_PLACEMENT_3D('',#3157,#2485,#2486);
#2046=AXIS2_PLACEMENT_3D('',#3158,#2487,#2488);
#2047=AXIS2_PLACEMENT_3D('',#3159,#2489,#2490);
#2048=AXIS2_PLACEMENT_3D('',#3161,#2491,#2492);
#2049=AXIS2_PLACEMENT_3D('',#3163,#2493,#2494);
#2050=AXIS2_PLACEMENT_3D('',#3165,#2495,#2496);
#2051=AXIS2_PLACEMENT_3D('',#3167,#2497,#2498);
#2052=AXIS2_PLACEMENT_3D('',#3169,#2499,#2500);
#2053=AXIS2_PLACEMENT_3D('',#3173,#2503,#2504);
#2054=AXIS2_PLACEMENT_3D('',#3174,#2505,#2506);
#2055=AXIS2_PLACEMENT_3D('',#3176,#2508,#2509);
#2056=AXIS2_PLACEMENT_3D('',#3178,#2511,#2512);
#2057=AXIS2_PLACEMENT_3D('',#3180,#2514,#2515);
#2058=AXIS2_PLACEMENT_3D('',#3182,#2517,#2518);
#2059=AXIS2_PLACEMENT_3D('',#3184,#2520,#2521);
#2060=AXIS2_PLACEMENT_3D('',#3186,#2523,#2524);
#2061=AXIS2_PLACEMENT_3D('',#3188,#2526,#2527);
#2062=AXIS2_PLACEMENT_3D('',#3190,#2529,#2530);
#2063=AXIS2_PLACEMENT_3D('',#3192,#2532,#2533);
#2064=AXIS2_PLACEMENT_3D('',#3194,#2535,#2536);
#2065=AXIS2_PLACEMENT_3D('',#3195,#2537,#2538);
#2066=AXIS2_PLACEMENT_3D('',#3196,#2539,#2540);
#2067=AXIS2_PLACEMENT_3D('',#3197,#2541,#2542);
#2068=AXIS2_PLACEMENT_3D('',#3198,#2543,#2544);
#2069=AXIS2_PLACEMENT_3D('',#3199,#2545,#2546);
#2070=AXIS2_PLACEMENT_3D('',#3200,#2547,#2548);
#2071=AXIS2_PLACEMENT_3D('',#3201,#2549,#2550);
#2072=AXIS2_PLACEMENT_3D('',#3203,#2551,#2552);
#2073=AXIS2_PLACEMENT_3D('',#3205,#2553,#2554);
#2074=AXIS2_PLACEMENT_3D('',#3207,#2555,#2556);
#2075=AXIS2_PLACEMENT_3D('',#3209,#2557,#2558);
#2076=AXIS2_PLACEMENT_3D('',#3210,#2559,#2560);
#2077=AXIS2_PLACEMENT_3D('',#3213,#2561,#2562);
#2078=AXIS2_PLACEMENT_3D('',#3214,#2563,#2564);
#2079=AXIS2_PLACEMENT_3D('',#3215,#2565,#2566);
#2080=AXIS2_PLACEMENT_3D('',#3218,#2567,#2568);
#2081=AXIS2_PLACEMENT_3D('',#3219,#2569,#2570);
#2082=AXIS2_PLACEMENT_3D('',#3220,#2571,#2572);
#2083=AXIS2_PLACEMENT_3D('',#3223,#2573,#2574);
#2084=AXIS2_PLACEMENT_3D('',#3224,#2575,#2576);
#2085=AXIS2_PLACEMENT_3D('',#3225,#2577,#2578);
#2086=AXIS2_PLACEMENT_3D('',#3228,#2579,#2580);
#2087=AXIS2_PLACEMENT_3D('',#3229,#2581,#2582);
#2088=AXIS2_PLACEMENT_3D('',#3230,#2583,#2584);
#2089=AXIS2_PLACEMENT_3D('',#3233,#2585,#2586);
#2090=AXIS2_PLACEMENT_3D('',#3234,#2587,#2588);
#2091=AXIS2_PLACEMENT_3D('',#3235,#2589,#2590);
#2092=AXIS2_PLACEMENT_3D('',#3238,#2591,#2592);
#2093=AXIS2_PLACEMENT_3D('',#3239,#2593,#2594);
#2094=AXIS2_PLACEMENT_3D('',#3240,#2595,#2596);
#2095=AXIS2_PLACEMENT_3D('',#3243,#2597,#2598);
#2096=AXIS2_PLACEMENT_3D('',#3244,#2599,#2600);
#2097=AXIS2_PLACEMENT_3D('',#3245,#2601,#2602);
#2098=AXIS2_PLACEMENT_3D('',#3248,#2603,#2604);
#2099=AXIS2_PLACEMENT_3D('',#3249,#2605,#2606);
#2100=AXIS2_PLACEMENT_3D('',#3250,#2607,#2608);
#2101=AXIS2_PLACEMENT_3D('',#3253,#2609,#2610);
#2102=AXIS2_PLACEMENT_3D('',#3254,#2611,#2612);
#2103=AXIS2_PLACEMENT_3D('',#3257,#2614,#2615);
#2104=AXIS2_PLACEMENT_3D('',#3258,#2616,#2617);
#2105=AXIS2_PLACEMENT_3D('',#3262,#2620,#2621);
#2106=AXIS2_PLACEMENT_3D('',#3263,#2622,#2623);
#2107=AXIS2_PLACEMENT_3D('',#3264,#2624,#2625);
#2108=AXIS2_PLACEMENT_3D('',#3265,#2626,#2627);
#2109=AXIS2_PLACEMENT_3D('',#3266,#2628,#2629);
#2110=AXIS2_PLACEMENT_3D('',#3267,#2630,#2631);
#2111=AXIS2_PLACEMENT_3D('',#3268,#2632,#2633);
#2112=AXIS2_PLACEMENT_3D('',#3272,#2636,#2637);
#2113=AXIS2_PLACEMENT_3D('',#3273,#2638,#2639);
#2114=AXIS2_PLACEMENT_3D('',#3274,#2640,#2641);
#2115=AXIS2_PLACEMENT_3D('',#3275,#2642,#2643);
#2116=AXIS2_PLACEMENT_3D('',#3276,#2644,#2645);
#2117=AXIS2_PLACEMENT_3D('',#3277,#2646,#2647);
#2118=AXIS2_PLACEMENT_3D('',#3278,#2648,#2649);
#2119=AXIS2_PLACEMENT_3D('',#3279,#2650,#2651);
#2120=AXIS2_PLACEMENT_3D('',#3280,#2652,#2653);
#2121=AXIS2_PLACEMENT_3D('',#3281,#2654,#2655);
#2122=AXIS2_PLACEMENT_3D('',#3282,#2656,#2657);
#2123=AXIS2_PLACEMENT_3D('',#3283,#2658,#2659);
#2124=DIRECTION('',(0.,0.,1.));
#2125=DIRECTION('',(1.,0.,0.));
#2126=DIRECTION('',(-1.,0.,0.));
#2127=DIRECTION('',(0.,-0.866025403784442,-0.499999999999992));
#2128=DIRECTION('',(-1.,0.,0.));
#2129=DIRECTION('',(0.,0.,-1.));
#2130=DIRECTION('',(-1.,0.,0.));
#2131=DIRECTION('',(0.,0.866025403784436,-0.500000000000004));
#2132=DIRECTION('',(0.,-1.,0.));
#2133=DIRECTION('',(0.,0.,1.));
#2134=DIRECTION('',(-1.,0.,0.));
#2135=DIRECTION('',(0.,0.,1.));
#2136=DIRECTION('',(0.,0.,1.));
#2137=DIRECTION('',(0.,-1.,-5.46369598732853E-16));
#2138=DIRECTION('',(0.,-6.99353086378051E-16,1.));
#2139=DIRECTION('',(0.,1.,0.));
#2140=DIRECTION('',(0.,0.,-1.));
#2141=DIRECTION('',(0.,1.,5.59482469102438E-15));
#2142=DIRECTION('',(0.,1.075927825197E-16,-1.));
#2143=DIRECTION('',(0.,-1.,2.7974123455122E-15));
#2144=DIRECTION('',(0.,0.,-1.));
#2145=DIRECTION('',(0.,1.,0.));
#2146=DIRECTION('',(0.,0.,1.));
#2147=DIRECTION('',(-1.,0.,0.));
#2148=DIRECTION('',(0.,0.,1.));
#2149=DIRECTION('',(0.,1.,0.));
#2150=DIRECTION('',(0.,0.,1.));
#2151=DIRECTION('',(0.,1.,0.));
#2152=DIRECTION('',(0.,0.,1.));
#2153=DIRECTION('',(0.,-1.,-5.46369598732853E-16));
#2154=DIRECTION('',(0.,0.,-0.999999999999999));
#2155=DIRECTION('',(0.,-1.,-5.46369598732853E-16));
#2156=DIRECTION('',(0.,0.,-0.999999999999999));
#2157=DIRECTION('',(0.,-1.,-5.46369598732853E-16));
#2158=DIRECTION('',(0.,0.,-1.));
#2159=DIRECTION('',(0.,-1.,-5.46369598732853E-16));
#2160=DIRECTION('',(0.,0.,-1.));
#2161=DIRECTION('',(-1.,0.,0.));
#2162=DIRECTION('',(-1.,0.,0.));
#2163=DIRECTION('',(0.,-5.46369598732853E-16,1.));
#2164=DIRECTION('',(1.,0.,0.));
#2165=DIRECTION('',(0.,-6.99353086378051E-16,1.));
#2166=DIRECTION('',(0.,-1.,-5.46369598732853E-16));
#2167=DIRECTION('',(0.,5.48172618408671E-16,-1.));
#2168=DIRECTION('',(0.,-1.,-5.46369598732853E-16));
#2169=DIRECTION('',(0.,0.,-1.));
#2170=DIRECTION('',(-1.,0.,0.));
#2171=DIRECTION('',(0.,0.,1.));
#2172=DIRECTION('',(0.,0.,-1.));
#2173=DIRECTION('',(0.,-1.,0.));
#2174=DIRECTION('',(0.,0.707106781186546,0.707106781186549));
#2175=DIRECTION('',(0.,0.,1.));
#2176=DIRECTION('',(0.,-0.707106781186546,0.707106781186549));
#2177=DIRECTION('',(-1.,0.,0.));
#2178=DIRECTION('',(0.,0.,1.));
#2179=DIRECTION('',(-1.,0.,0.));
#2180=DIRECTION('',(0.,0.86602540378444,0.499999999999999));
#2181=DIRECTION('',(-1.,0.,0.));
#2182=DIRECTION('',(0.,-0.866025403784433,0.500000000000009));
#2183=DIRECTION('',(-1.,0.,0.));
#2184=DIRECTION('',(0.,0.,1.));
#2185=DIRECTION('',(0.,-1.,0.));
#2186=DIRECTION('',(0.,0.,-1.));
#2187=DIRECTION('',(0.,-1.,0.));
#2188=DIRECTION('',(0.,0.,-1.));
#2189=DIRECTION('',(0.,-1.,0.));
#2190=DIRECTION('',(0.,0.,-0.999999999999999));
#2191=DIRECTION('',(0.,-1.,0.));
#2192=DIRECTION('',(0.,0.,-0.999999999999999));
#2193=DIRECTION('',(0.,-1.,0.));
#2194=DIRECTION('',(0.,0.,-1.));
#2195=DIRECTION('',(0.,-1.,0.));
#2196=DIRECTION('',(0.,0.,-1.));
#2197=DIRECTION('',(-1.,0.,0.));
#2198=DIRECTION('',(0.,0.,1.));
#2199=DIRECTION('',(1.,0.,0.));
#2200=DIRECTION('',(1.,0.,0.));
#2201=DIRECTION('',(0.,0.,1.));
#2202=DIRECTION('',(0.,-1.,0.));
#2203=DIRECTION('',(0.,0.,-1.));
#2204=DIRECTION('',(-1.,0.,0.));
#2205=DIRECTION('',(0.,0.,1.));
#2206=DIRECTION('',(1.,0.,0.));
#2207=DIRECTION('',(0.,0.,-1.));
#2208=DIRECTION('',(1.,0.,0.));
#2209=DIRECTION('',(0.,0.,-1.));
#2210=DIRECTION('',(1.,0.,0.));
#2211=DIRECTION('',(0.,0.,-1.));
#2212=DIRECTION('',(1.,0.,0.));
#2213=DIRECTION('',(0.,0.,-1.));
#2214=DIRECTION('',(1.,0.,0.));
#2215=DIRECTION('',(0.,0.,-1.));
#2216=DIRECTION('',(1.,0.,0.));
#2217=DIRECTION('',(0.,0.,-1.));
#2218=DIRECTION('',(-1.,0.,0.));
#2219=DIRECTION('',(0.,0.,1.));
#2220=DIRECTION('',(-1.,0.,0.));
#2221=DIRECTION('',(0.,0.866025403784439,0.499999999999998));
#2222=DIRECTION('',(-1.,0.,0.));
#2223=DIRECTION('',(0.,0.866025403784437,-0.500000000000004));
#2224=DIRECTION('',(-1.,0.,0.));
#2225=DIRECTION('',(0.,0.,-1.));
#2226=DIRECTION('',(-1.,0.,0.));
#2227=DIRECTION('',(0.,-0.866025403784444,-0.499999999999993));
#2228=DIRECTION('',(-1.,0.,0.));
#2229=DIRECTION('',(0.,-0.866025403784433,0.50000000000001));
#2230=DIRECTION('',(-1.,0.,0.));
#2231=DIRECTION('',(0.,0.,1.));
#2232=DIRECTION('',(-1.,0.,0.));
#2233=DIRECTION('',(0.,0.,1.));
#2234=DIRECTION('',(-1.,0.,0.));
#2235=DIRECTION('',(0.,0.,1.));
#2236=DIRECTION('',(-1.,0.,0.));
#2237=DIRECTION('',(0.,0.,1.));
#2238=DIRECTION('',(-1.,0.,0.));
#2239=DIRECTION('',(0.,0.,1.));
#2240=DIRECTION('',(-1.,0.,0.));
#2241=DIRECTION('',(0.,0.,1.));
#2242=DIRECTION('',(0.,0.,-1.));
#2243=DIRECTION('',(0.,1.,0.));
#2244=DIRECTION('',(0.,-1.,0.));
#2245=DIRECTION('',(0.,-0.707106781186546,0.707106781186549));
#2246=DIRECTION('',(0.,0.,1.));
#2247=DIRECTION('',(0.,0.707106781186546,0.707106781186549));
#2248=DIRECTION('',(0.,1.,0.));
#2249=DIRECTION('',(0.,1.,0.));
#2250=DIRECTION('',(0.,0.,-1.));
#2251=DIRECTION('',(0.,-1.,2.7974123455122E-15));
#2252=DIRECTION('',(0.,1.075927825197E-16,-1.));
#2253=DIRECTION('',(0.,1.,5.59482469102437E-15));
#2254=DIRECTION('',(1.,0.,0.));
#2255=DIRECTION('',(0.,0.,-1.));
#2256=DIRECTION('',(1.,0.,0.));
#2257=DIRECTION('',(0.,-1.,0.));
#2258=DIRECTION('',(0.,0.,1.));
#2259=DIRECTION('',(-1.,0.,0.));
#2260=DIRECTION('',(0.,0.,-1.));
#2261=DIRECTION('',(-1.,0.,0.));
#2262=DIRECTION('',(0.,0.707106781186546,0.707106781186549));
#2263=DIRECTION('',(-1.,0.,0.));
#2264=DIRECTION('',(1.,0.,0.));
#2265=DIRECTION('',(0.,-0.707106781186549,0.707106781186546));
#2266=DIRECTION('',(1.,0.,0.));
#2267=DIRECTION('',(0.,-0.707106781186546,0.707106781186549));
#2268=DIRECTION('',(-1.,0.,0.));
#2269=DIRECTION('',(-1.,0.,0.));
#2270=DIRECTION('',(-1.,0.,0.));
#2271=DIRECTION('',(0.,-0.707106781186549,-0.707106781186546));
#2272=DIRECTION('',(-1.,0.,0.));
#2273=DIRECTION('',(1.,0.,0.));
#2274=DIRECTION('',(0.,0.,1.));
#2275=DIRECTION('',(-1.,0.,0.));
#2276=DIRECTION('',(0.,0.,1.));
#2277=DIRECTION('',(-1.,0.,0.));
#2278=DIRECTION('',(0.,0.,1.));
#2279=DIRECTION('',(-1.,0.,0.));
#2280=DIRECTION('',(-1.,0.,0.));
#2281=DIRECTION('',(0.,0.,1.));
#2282=DIRECTION('',(-1.,0.,0.));
#2283=DIRECTION('',(0.,0.,1.));
#2284=DIRECTION('',(-0.515038074910052,-1.04972719113862E-16,-0.857167300702113));
#2285=DIRECTION('',(-1.,0.,0.));
#2286=DIRECTION('',(1.27530325328207E-17,0.,1.));
#2287=DIRECTION('',(-1.,0.,0.));
#2288=DIRECTION('',(-1.,0.,0.));
#2289=DIRECTION('',(0.,0.,1.));
#2290=DIRECTION('',(-1.,0.,0.));
#2291=DIRECTION('',(0.,0.,1.));
#2292=DIRECTION('',(-1.,0.,0.));
#2293=DIRECTION('',(-1.,0.,0.));
#2294=DIRECTION('',(0.,0.,1.));
#2295=DIRECTION('',(-1.,0.,0.));
#2296=DIRECTION('',(0.,0.,1.));
#2297=DIRECTION('',(-0.51503807491005,-1.04972719113862E-16,-0.857167300702115));
#2298=DIRECTION('',(-1.,0.,0.));
#2299=DIRECTION('',(1.27530325328207E-17,0.,1.));
#2300=DIRECTION('',(-1.,0.,0.));
#2301=DIRECTION('',(0.,0.,1.));
#2302=DIRECTION('',(-1.,0.,0.));
#2303=DIRECTION('',(-1.,0.,0.));
#2304=DIRECTION('',(0.,0.,1.));
#2305=DIRECTION('',(-0.515038074910052,-1.04972719113862E-16,-0.857167300702113));
#2306=DIRECTION('',(-1.,0.,0.));
#2307=DIRECTION('',(4.16706667592422E-17,0.,1.));
#2308=DIRECTION('',(-1.,0.,0.));
#2309=DIRECTION('',(0.,0.,1.));
#2310=DIRECTION('',(-1.,0.,0.));
#2311=DIRECTION('',(-1.,0.,0.));
#2312=DIRECTION('',(0.,0.,1.));
#2313=DIRECTION('',(-1.,0.,0.));
#2314=DIRECTION('',(0.,0.,0.999999999999999));
#2315=DIRECTION('',(-0.51503807491005,-1.04972719113862E-16,-0.857167300702115));
#2316=DIRECTION('',(-1.,0.,0.));
#2317=DIRECTION('',(1.27530325328207E-17,0.,1.));
#2318=DIRECTION('',(-1.,0.,0.));
#2319=DIRECTION('',(0.,0.,0.999999999999999));
#2320=DIRECTION('',(-1.,0.,0.));
#2321=DIRECTION('',(-1.,0.,0.));
#2322=DIRECTION('',(0.,0.,0.999999999999999));
#2323=DIRECTION('',(-0.515038074910052,-1.04972719113862E-16,-0.857167300702113));
#2324=DIRECTION('',(-1.,0.,0.));
#2325=DIRECTION('',(4.16706667592422E-17,0.,1.));
#2326=DIRECTION('',(-1.,0.,0.));
#2327=DIRECTION('',(0.,0.,1.));
#2328=DIRECTION('',(-1.,0.,0.));
#2329=DIRECTION('',(-1.,0.,0.));
#2330=DIRECTION('',(0.,0.,1.));
#2331=DIRECTION('',(-1.,0.,0.));
#2332=DIRECTION('',(0.,0.,1.));
#2333=DIRECTION('',(-0.515038074910052,-1.04972719113862E-16,-0.857167300702113));
#2334=DIRECTION('',(-1.,0.,0.));
#2335=DIRECTION('',(1.27530325328207E-17,0.,1.));
#2336=DIRECTION('',(-1.,0.,0.));
#2337=DIRECTION('',(-1.,0.,0.));
#2338=DIRECTION('',(0.,0.,1.));
#2339=DIRECTION('',(-1.,0.,0.));
#2340=DIRECTION('',(0.,0.,1.));
#2341=DIRECTION('',(-1.,0.,0.));
#2342=DIRECTION('',(-1.,0.,0.));
#2343=DIRECTION('',(0.,0.,1.));
#2344=DIRECTION('',(-1.,0.,0.));
#2345=DIRECTION('',(0.,0.,0.999999999999999));
#2346=DIRECTION('',(-0.51503807491005,-1.04972719113862E-16,-0.857167300702115));
#2347=DIRECTION('',(-1.,0.,0.));
#2348=DIRECTION('',(1.27530325328207E-17,0.,1.));
#2349=DIRECTION('',(-1.,0.,0.));
#2350=DIRECTION('',(0.,0.,0.999999999999999));
#2351=DIRECTION('',(-1.,0.,0.));
#2352=DIRECTION('',(-1.,0.,0.));
#2353=DIRECTION('',(0.,0.,0.999999999999999));
#2354=DIRECTION('',(-0.515038074910052,-1.04972719113862E-16,-0.857167300702113));
#2355=DIRECTION('',(-1.,0.,0.));
#2356=DIRECTION('',(4.16706667592422E-17,0.,1.));
#2357=DIRECTION('',(-1.,0.,0.));
#2358=DIRECTION('',(0.,0.,1.));
#2359=DIRECTION('',(-1.,0.,0.));
#2360=DIRECTION('',(-1.,0.,0.));
#2361=DIRECTION('',(0.,0.,1.));
#2362=DIRECTION('',(-1.,0.,0.));
#2363=DIRECTION('',(0.,0.,0.999999999999999));
#2364=DIRECTION('',(-0.51503807491005,-1.04972719113862E-16,-0.857167300702115));
#2365=DIRECTION('',(-1.,0.,0.));
#2366=DIRECTION('',(1.27530325328207E-17,0.,1.));
#2367=DIRECTION('',(-1.,0.,0.));
#2368=DIRECTION('',(0.,0.,0.999999999999999));
#2369=DIRECTION('',(-1.,0.,0.));
#2370=DIRECTION('',(-1.,0.,0.));
#2371=DIRECTION('',(0.,0.,0.999999999999999));
#2372=DIRECTION('',(-0.515038074910052,-1.04972719113862E-16,-0.857167300702113));
#2373=DIRECTION('',(-1.,0.,0.));
#2374=DIRECTION('',(4.16706667592422E-17,0.,1.));
#2375=DIRECTION('',(-1.,0.,0.));
#2376=DIRECTION('',(0.,0.866025403784439,0.499999999999998));
#2377=DIRECTION('',(-1.,0.,0.));
#2378=DIRECTION('',(-1.,0.,0.));
#2379=DIRECTION('',(0.,0.,1.));
#2380=DIRECTION('',(-1.,0.,0.));
#2381=DIRECTION('',(0.,0.,1.));
#2382=DIRECTION('',(-1.,0.,0.));
#2383=DIRECTION('',(0.,0.,1.));
#2384=DIRECTION('',(-1.,0.,0.));
#2385=DIRECTION('',(0.,0.866025403784437,-0.500000000000004));
#2386=DIRECTION('',(-1.,0.,0.));
#2387=DIRECTION('',(-1.,0.,0.));
#2388=DIRECTION('',(0.,0.,1.));
#2389=DIRECTION('',(-1.,0.,0.));
#2390=DIRECTION('',(0.,0.,1.));
#2391=DIRECTION('',(-1.,0.,0.));
#2392=DIRECTION('',(0.,0.,1.));
#2393=DIRECTION('',(-1.,0.,0.));
#2394=DIRECTION('',(0.,0.,-1.));
#2395=DIRECTION('',(-1.,0.,0.));
#2396=DIRECTION('',(-1.,0.,0.));
#2397=DIRECTION('',(0.,0.,1.));
#2398=DIRECTION('',(-1.,0.,0.));
#2399=DIRECTION('',(0.,0.,1.));
#2400=DIRECTION('',(-1.,0.,0.));
#2401=DIRECTION('',(0.,0.,1.));
#2402=DIRECTION('',(-1.,0.,0.));
#2403=DIRECTION('',(0.,-0.866025403784444,-0.499999999999993));
#2404=DIRECTION('',(-1.,0.,0.));
#2405=DIRECTION('',(-1.,0.,0.));
#2406=DIRECTION('',(0.,0.,1.));
#2407=DIRECTION('',(-1.,0.,0.));
#2408=DIRECTION('',(0.,0.,1.));
#2409=DIRECTION('',(-1.,0.,0.));
#2410=DIRECTION('',(0.,0.,1.));
#2411=DIRECTION('',(-1.,0.,0.));
#2412=DIRECTION('',(0.,-0.866025403784433,0.50000000000001));
#2413=DIRECTION('',(-1.,0.,0.));
#2414=DIRECTION('',(-1.,0.,0.));
#2415=DIRECTION('',(0.,0.,1.));
#2416=DIRECTION('',(-1.,0.,0.));
#2417=DIRECTION('',(0.,0.,1.));
#2418=DIRECTION('',(-1.,0.,0.));
#2419=DIRECTION('',(0.,0.,1.));
#2420=DIRECTION('',(-1.,0.,0.));
#2421=DIRECTION('',(0.,0.,1.));
#2422=DIRECTION('',(-1.,0.,0.));
#2423=DIRECTION('',(-1.,0.,0.));
#2424=DIRECTION('',(0.,0.,1.));
#2425=DIRECTION('',(-1.,0.,0.));
#2426=DIRECTION('',(0.,0.,1.));
#2427=DIRECTION('',(-1.,0.,0.));
#2428=DIRECTION('',(0.,0.,1.));
#2429=DIRECTION('',(0.,1.,0.));
#2430=DIRECTION('',(0.,0.,0.999999999999998));
#2431=DIRECTION('',(0.,-1.,0.));
#2432=DIRECTION('',(0.,0.,-1.));
#2433=DIRECTION('',(0.,1.,0.));
#2434=DIRECTION('',(0.,0.,1.));
#2435=DIRECTION('',(0.,1.,0.));
#2436=DIRECTION('',(0.,1.,0.));
#2437=DIRECTION('',(0.,0.,1.));
#2438=DIRECTION('',(0.,1.,0.));
#2439=DIRECTION('',(0.,0.,0.999999999999998));
#2440=DIRECTION('',(0.,-1.,0.));
#2441=DIRECTION('',(0.,0.,-1.));
#2442=DIRECTION('',(0.,1.,0.));
#2443=DIRECTION('',(0.,0.,1.));
#2444=DIRECTION('',(0.,1.,0.));
#2445=DIRECTION('',(0.,1.,0.));
#2446=DIRECTION('',(0.,0.,1.));
#2447=DIRECTION('',(0.,1.,0.));
#2448=DIRECTION('',(0.,0.,1.));
#2449=DIRECTION('',(0.,1.,0.));
#2450=DIRECTION('',(0.,1.,0.));
#2451=DIRECTION('',(0.,0.,1.));
#2452=DIRECTION('',(0.,1.,0.));
#2453=DIRECTION('',(0.,0.,0.999999999999998));
#2454=DIRECTION('',(0.,1.,0.));
#2455=DIRECTION('',(0.,0.,1.));
#2456=DIRECTION('',(0.,1.,0.));
#2457=DIRECTION('',(0.,0.,1.));
#2458=DIRECTION('',(0.,1.,0.));
#2459=DIRECTION('',(0.,1.,0.));
#2460=DIRECTION('',(0.,0.,1.));
#2461=DIRECTION('',(0.,1.,0.));
#2462=DIRECTION('',(0.,0.,0.999999999999998));
#2463=DIRECTION('',(0.,1.,0.));
#2464=DIRECTION('',(0.,0.,1.));
#2465=DIRECTION('',(-1.,0.,0.));
#2466=DIRECTION('',(-1.,0.,0.));
#2467=DIRECTION('',(0.,1.,1.68113722687032E-16));
#2468=DIRECTION('',(0.,-1.66533453693773E-16,1.));
#2469=DIRECTION('',(-1.,0.,0.));
#2470=DIRECTION('',(0.,-4.37095678986281E-15,1.));
#2471=DIRECTION('',(1.,0.,0.));
#2472=DIRECTION('',(0.,1.,0.));
#2473=DIRECTION('',(0.,0.,1.));
#2474=DIRECTION('',(0.,1.,0.));
#2475=DIRECTION('',(0.,0.,1.));
#2476=DIRECTION('',(0.,1.,0.));
#2477=DIRECTION('',(0.,0.,0.999999999999999));
#2478=DIRECTION('',(0.,1.,0.));
#2479=DIRECTION('',(0.,0.,0.999999999999999));
#2480=DIRECTION('',(0.,1.,0.));
#2481=DIRECTION('',(0.,0.,0.999999999999998));
#2482=DIRECTION('',(0.,1.,0.));
#2483=DIRECTION('',(0.,0.,0.999999999999998));
#2484=DIRECTION('',(-1.,0.,0.));
#2485=DIRECTION('',(0.,1.,0.));
#2486=DIRECTION('',(0.,0.,1.));
#2487=DIRECTION('',(0.,-1.,0.));
#2488=DIRECTION('',(0.,0.,-1.));
#2489=DIRECTION('',(0.,1.,0.));
#2490=DIRECTION('',(0.,0.,1.));
#2491=DIRECTION('',(0.,1.,0.));
#2492=DIRECTION('',(0.,0.,1.));
#2493=DIRECTION('',(0.,1.,0.));
#2494=DIRECTION('',(0.,0.,0.999999999999999));
#2495=DIRECTION('',(0.,1.,0.));
#2496=DIRECTION('',(0.,0.,0.999999999999999));
#2497=DIRECTION('',(0.,-1.,0.));
#2498=DIRECTION('',(0.,0.,-0.999999999999998));
#2499=DIRECTION('',(0.,-1.,0.));
#2500=DIRECTION('',(0.,0.,-0.999999999999998));
#2501=DIRECTION('',(1.,0.,0.));
#2502=DIRECTION('',(-1.,0.,0.));
#2503=DIRECTION('',(0.,1.,0.));
#2504=DIRECTION('',(0.,0.,1.));
#2505=DIRECTION('',(0.,-4.37095678986281E-15,-1.));
#2506=DIRECTION('',(-1.,0.,0.));
#2507=DIRECTION('',(0.,1.,0.));
#2508=DIRECTION('',(0.,1.,0.));
#2509=DIRECTION('',(0.,0.,0.999999999999998));
#2510=DIRECTION('',(0.,1.,0.));
#2511=DIRECTION('',(0.,1.,0.));
#2512=DIRECTION('',(0.,0.,0.999999999999998));
#2513=DIRECTION('',(0.,1.,0.));
#2514=DIRECTION('',(0.,1.,0.));
#2515=DIRECTION('',(0.,0.,0.999999999999998));
#2516=DIRECTION('',(0.,1.,0.));
#2517=DIRECTION('',(0.,1.,0.));
#2518=DIRECTION('',(0.,0.,0.999999999999998));
#2519=DIRECTION('',(-1.,0.,0.));
#2520=DIRECTION('',(-1.,0.,0.));
#2521=DIRECTION('',(0.,0.,1.));
#2522=DIRECTION('',(-1.,0.,0.));
#2523=DIRECTION('',(-1.,0.,0.));
#2524=DIRECTION('',(0.,0.,1.));
#2525=DIRECTION('',(-1.,0.,0.));
#2526=DIRECTION('',(-1.,0.,0.));
#2527=DIRECTION('',(0.,0.,1.));
#2528=DIRECTION('',(-1.,0.,0.));
#2529=DIRECTION('',(-1.,0.,0.));
#2530=DIRECTION('',(0.,0.,1.));
#2531=DIRECTION('',(-1.,0.,0.));
#2532=DIRECTION('',(-1.,0.,0.));
#2533=DIRECTION('',(0.,0.,1.));
#2534=DIRECTION('',(-1.,0.,0.));
#2535=DIRECTION('',(-1.,0.,0.));
#2536=DIRECTION('',(0.,0.,1.));
#2537=DIRECTION('',(0.,1.,0.));
#2538=DIRECTION('',(0.,0.,0.999999999999999));
#2539=DIRECTION('',(0.,1.,0.));
#2540=DIRECTION('',(0.,0.,0.999999999999999));
#2541=DIRECTION('',(0.,1.,0.));
#2542=DIRECTION('',(0.,0.,0.999999999999999));
#2543=DIRECTION('',(0.,1.,0.));
#2544=DIRECTION('',(0.,0.,0.999999999999999));
#2545=DIRECTION('',(0.,0.,-1.));
#2546=DIRECTION('',(-1.,0.,0.));
#2547=DIRECTION('',(0.,0.,-1.));
#2548=DIRECTION('',(-1.,0.,0.));
#2549=DIRECTION('',(-1.,0.,0.));
#2550=DIRECTION('',(0.,0.,1.));
#2551=DIRECTION('',(-1.,0.,0.));
#2552=DIRECTION('',(0.,0.,1.));
#2553=DIRECTION('',(-1.,0.,0.));
#2554=DIRECTION('',(0.,0.,1.));
#2555=DIRECTION('',(-1.,0.,0.));
#2556=DIRECTION('',(0.,0.,1.));
#2557=DIRECTION('',(-1.,0.,0.));
#2558=DIRECTION('',(0.,0.,1.));
#2559=DIRECTION('',(1.,0.,0.));
#2560=DIRECTION('',(0.,0.,1.));
#2561=DIRECTION('',(1.,0.,0.));
#2562=DIRECTION('',(1.24927665627633E-17,0.,-1.));
#2563=DIRECTION('',(-1.,0.,0.));
#2564=DIRECTION('',(0.,0.,1.));
#2565=DIRECTION('',(1.,0.,0.));
#2566=DIRECTION('',(0.,0.,1.));
#2567=DIRECTION('',(1.,0.,0.));
#2568=DIRECTION('',(1.24927665627633E-17,0.,-1.));
#2569=DIRECTION('',(-1.,0.,0.));
#2570=DIRECTION('',(0.,0.,1.));
#2571=DIRECTION('',(1.,0.,0.));
#2572=DIRECTION('',(0.,0.,1.));
#2573=DIRECTION('',(1.,0.,0.));
#2574=DIRECTION('',(1.24927665627633E-17,0.,-1.));
#2575=DIRECTION('',(-1.,0.,0.));
#2576=DIRECTION('',(0.,0.,1.));
#2577=DIRECTION('',(-1.,0.,0.));
#2578=DIRECTION('',(0.,0.,-1.));
#2579=DIRECTION('',(-1.,0.,0.));
#2580=DIRECTION('',(-3.12319164069081E-18,0.,1.));
#2581=DIRECTION('',(1.,0.,0.));
#2582=DIRECTION('',(0.,0.,-1.));
#2583=DIRECTION('',(-1.,0.,0.));
#2584=DIRECTION('',(0.,0.,-1.));
#2585=DIRECTION('',(-1.,0.,0.));
#2586=DIRECTION('',(-3.12319164069081E-18,0.,1.));
#2587=DIRECTION('',(1.,0.,0.));
#2588=DIRECTION('',(0.,0.,-1.));
#2589=DIRECTION('',(-1.,0.,0.));
#2590=DIRECTION('',(0.,0.,-1.));
#2591=DIRECTION('',(-1.,0.,0.));
#2592=DIRECTION('',(-3.12319164069081E-18,0.,1.));
#2593=DIRECTION('',(1.,0.,0.));
#2594=DIRECTION('',(0.,0.,-1.));
#2595=DIRECTION('',(-1.,0.,0.));
#2596=DIRECTION('',(0.,0.,-1.));
#2597=DIRECTION('',(-1.,0.,0.));
#2598=DIRECTION('',(-3.12319164069081E-18,0.,1.));
#2599=DIRECTION('',(1.,0.,0.));
#2600=DIRECTION('',(0.,0.,-1.));
#2601=DIRECTION('',(-1.,0.,0.));
#2602=DIRECTION('',(0.,0.,-1.));
#2603=DIRECTION('',(-1.,0.,0.));
#2604=DIRECTION('',(-3.12319164069081E-18,0.,1.));
#2605=DIRECTION('',(1.,0.,0.));
#2606=DIRECTION('',(0.,0.,-1.));
#2607=DIRECTION('',(-1.,0.,0.));
#2608=DIRECTION('',(0.,0.,-1.));
#2609=DIRECTION('',(-1.,0.,0.));
#2610=DIRECTION('',(-3.12319164069081E-18,0.,1.));
#2611=DIRECTION('',(1.,0.,0.));
#2612=DIRECTION('',(0.,0.,-1.));
#2613=DIRECTION('',(0.,-1.,-5.46369598732853E-16));
#2614=DIRECTION('',(0.,0.,-1.));
#2615=DIRECTION('',(1.,0.,0.));
#2616=DIRECTION('',(0.,0.,1.));
#2617=DIRECTION('',(1.,0.,0.));
#2618=DIRECTION('',(0.,5.46369598732853E-16,-1.));
#2619=DIRECTION('',(0.,1.,5.46369598732853E-16));
#2620=DIRECTION('',(1.,0.,0.));
#2621=DIRECTION('',(0.,0.,-1.));
#2622=DIRECTION('',(0.,0.,1.));
#2623=DIRECTION('',(1.,0.,0.));
#2624=DIRECTION('',(0.,-5.46369598732853E-16,1.));
#2625=DIRECTION('',(0.,-1.,-8.67361737988404E-16));
#2626=DIRECTION('',(0.,-5.46369598732853E-16,1.));
#2627=DIRECTION('',(0.,-1.,-5.48172618408671E-16));
#2628=DIRECTION('',(0.,-1.,-5.46369598732853E-16));
#2629=DIRECTION('',(0.,0.,-1.));
#2630=DIRECTION('',(0.,-1.,-5.46369598732853E-16));
#2631=DIRECTION('',(0.,0.,-1.));
#2632=DIRECTION('',(0.,-5.46369598732853E-16,1.));
#2633=DIRECTION('',(0.,-1.,0.));
#2634=DIRECTION('',(0.,1.,0.));
#2635=DIRECTION('',(0.,0.,-1.));
#2636=DIRECTION('',(1.,0.,0.));
#2637=DIRECTION('',(0.,0.,-1.));
#2638=DIRECTION('',(0.,0.,-1.));
#2639=DIRECTION('',(-1.,0.,0.));
#2640=DIRECTION('',(0.,0.,-1.));
#2641=DIRECTION('',(-1.,0.,0.));
#2642=DIRECTION('',(0.,0.,-1.));
#2643=DIRECTION('',(-1.,0.,0.));
#2644=DIRECTION('',(0.,-1.,0.));
#2645=DIRECTION('',(0.,0.,-1.));
#2646=DIRECTION('',(0.,-1.,0.));
#2647=DIRECTION('',(0.,0.,-1.));
#2648=DIRECTION('',(0.,0.,1.));
#2649=DIRECTION('',(1.,0.,0.));
#2650=DIRECTION('',(0.,0.,-1.));
#2651=DIRECTION('',(-1.,0.,0.));
#2652=DIRECTION('',(0.,0.,1.));
#2653=DIRECTION('',(1.,0.,0.));
#2654=DIRECTION('',(0.,0.,1.));
#2655=DIRECTION('',(1.,0.,0.));
#2656=DIRECTION('',(0.,0.,1.));
#2657=DIRECTION('',(1.,0.,0.));
#2658=DIRECTION('',(-1.,0.,0.));
#2659=DIRECTION('',(0.,0.,1.));
#2660=CARTESIAN_POINT('',(0.,0.,0.));
#2661=CARTESIAN_POINT('',(47.625,-30.1624999999995,52.2429824832965));
#2662=CARTESIAN_POINT('',(47.625,-30.1624999999995,49.4362824832965));
#2663=CARTESIAN_POINT('',(47.625,-60.325,8.67361737988404E-15));
#2664=CARTESIAN_POINT('',(47.625,-60.325,-2.80669999999999));
#2665=CARTESIAN_POINT('',(47.625,-30.1625000000003,-52.2429824832961));
#2666=CARTESIAN_POINT('',(47.625,-30.1625000000003,-55.0496824832961));
#2667=CARTESIAN_POINT('',(47.625,45.55,-55.675));
#2668=CARTESIAN_POINT('',(47.625,-12.6003906189451,-55.675));
#2669=CARTESIAN_POINT('',(47.625,-44.45,-55.675));
#2670=CARTESIAN_POINT('',(47.625,-12.6003906189451,-69.325));
#2671=CARTESIAN_POINT('',(47.625,-12.6003906189451,-50.706096369448));
#2672=CARTESIAN_POINT('',(47.625,0.,0.));
#2673=CARTESIAN_POINT('',(47.625,-12.6003906189451,50.706096369448));
#2674=CARTESIAN_POINT('',(47.625,-12.6003906189451,-69.325));
#2675=CARTESIAN_POINT('',(47.625,-12.6003906189451,55.675));
#2676=CARTESIAN_POINT('',(47.625,45.55,55.675));
#2677=CARTESIAN_POINT('',(47.625,-44.45,55.6749999999999));
#2678=CARTESIAN_POINT('',(47.625,-44.45,66.675));
#2679=CARTESIAN_POINT('',(47.625,-44.45,95.875));
#2680=CARTESIAN_POINT('',(47.625,-74.45,95.875));
#2681=CARTESIAN_POINT('',(47.625,-69.85,95.875));
#2682=CARTESIAN_POINT('',(47.625,-69.85,79.375));
#2683=CARTESIAN_POINT('',(47.625,-69.85,41.275));
#2684=CARTESIAN_POINT('',(47.625,-69.85,41.275));
#2685=CARTESIAN_POINT('',(47.625,-66.675,41.275));
#2686=CARTESIAN_POINT('',(47.625,-66.675,41.275));
#2687=CARTESIAN_POINT('',(47.625,-66.675,-41.275));
#2688=CARTESIAN_POINT('',(47.625,-66.675,-41.275));
#2689=CARTESIAN_POINT('',(47.625,-69.85,-41.275));
#2690=CARTESIAN_POINT('',(47.625,-69.85,-41.275));
#2691=CARTESIAN_POINT('',(47.625,-69.85,-95.875));
#2692=CARTESIAN_POINT('',(47.625,-74.45,-95.875));
#2693=CARTESIAN_POINT('',(47.625,-44.45,-95.875));
#2694=CARTESIAN_POINT('',(47.625,-44.45,-79.375));
#2695=CARTESIAN_POINT('',(47.625,127.,0.));
#2696=CARTESIAN_POINT('',(7.9375,-44.45,73.025));
#2697=CARTESIAN_POINT('',(7.9375,-44.45,68.6562));
#2698=CARTESIAN_POINT('',(39.6875,-44.45,73.025));
#2699=CARTESIAN_POINT('',(39.6875,-44.45,68.6562));
#2700=CARTESIAN_POINT('',(36.7336066213593,-44.45,88.9));
#2701=CARTESIAN_POINT('',(36.7336066213593,-44.45,85.6));
#2702=CARTESIAN_POINT('',(11.3336066213593,-44.45,88.9298257389516));
#2703=CARTESIAN_POINT('',(11.3336066213593,-44.45,85.6298257389516));
#2704=CARTESIAN_POINT('',(26.9875,-44.45,76.2));
#2705=CARTESIAN_POINT('',(26.9875,-44.45,72.7));
#2706=CARTESIAN_POINT('',(39.6875,-44.45,63.5));
#2707=CARTESIAN_POINT('',(39.6875,-44.45,60.));
#2708=CARTESIAN_POINT('',(47.625,-44.45,95.875));
#2709=CARTESIAN_POINT('',(0.,-44.45,95.875));
#2710=CARTESIAN_POINT('',(47.625,-44.45,55.6749999999999));
#2711=CARTESIAN_POINT('',(25.625,-44.45,55.6749999999999));
#2712=CARTESIAN_POINT('',(25.625,-44.45,79.375));
#2713=CARTESIAN_POINT('',(25.625,-44.45,63.675));
#2714=CARTESIAN_POINT('',(0.,-44.45,63.675));
#2715=CARTESIAN_POINT('',(0.,-44.45,63.675));
#2716=CARTESIAN_POINT('',(0.,-44.45,66.675));
#2717=CARTESIAN_POINT('',(47.625,-44.45,79.375));
#2718=CARTESIAN_POINT('',(47.625,45.55,55.675));
#2719=CARTESIAN_POINT('',(47.625,38.6176892712261,55.675));
#2720=CARTESIAN_POINT('',(47.625,12.6003906189451,55.675));
#2721=CARTESIAN_POINT('',(47.625,12.6003906189451,-69.325));
#2722=CARTESIAN_POINT('',(47.625,12.6003906189451,50.706096369448));
#2723=CARTESIAN_POINT('',(47.625,0.,0.));
#2724=CARTESIAN_POINT('',(47.625,12.6003906189451,-50.706096369448));
#2725=CARTESIAN_POINT('',(47.625,12.6003906189451,-69.325));
#2726=CARTESIAN_POINT('',(47.625,12.6003906189451,-55.675));
#2727=CARTESIAN_POINT('',(47.625,45.55,-55.675));
#2728=CARTESIAN_POINT('',(47.625,38.6176892712262,-55.675));
#2729=CARTESIAN_POINT('',(47.625,27.6176892712262,-66.675));
#2730=CARTESIAN_POINT('',(47.625,66.675,-27.617689271226));
#2731=CARTESIAN_POINT('',(47.625,66.675,-27.617689271226));
#2732=CARTESIAN_POINT('',(47.625,66.675,27.617689271226));
#2733=CARTESIAN_POINT('',(47.625,66.675,27.617689271226));
#2734=CARTESIAN_POINT('',(47.625,60.325,-8.67361737988404E-15));
#2735=CARTESIAN_POINT('',(47.625,60.325,-2.80670000000001));
#2736=CARTESIAN_POINT('',(47.625,30.1624999999999,-52.2429824832963));
#2737=CARTESIAN_POINT('',(47.625,30.1624999999999,-55.0496824832963));
#2738=CARTESIAN_POINT('',(47.625,30.1625000000006,52.2429824832959));
#2739=CARTESIAN_POINT('',(47.625,30.1625000000006,49.4362824832959));
#2740=CARTESIAN_POINT('',(47.625,127.,0.));
#2741=CARTESIAN_POINT('',(39.6875,-44.45,-73.025));
#2742=CARTESIAN_POINT('',(39.6875,-44.45,-77.3938));
#2743=CARTESIAN_POINT('',(7.9375,-44.45,-73.025));
#2744=CARTESIAN_POINT('',(7.9375,-44.45,-77.3938));
#2745=CARTESIAN_POINT('',(36.524826448698,-44.45,-88.9000000000001));
#2746=CARTESIAN_POINT('',(36.524826448698,-44.45,-92.2000000000001));
#2747=CARTESIAN_POINT('',(11.124826448698,-44.45,-88.8701742610484));
#2748=CARTESIAN_POINT('',(11.124826448698,-44.45,-92.1701742610484));
#2749=CARTESIAN_POINT('',(26.9875,-44.45,-76.2));
#2750=CARTESIAN_POINT('',(26.9875,-44.45,-79.7));
#2751=CARTESIAN_POINT('',(39.6875,-44.45,-63.5000000000001));
#2752=CARTESIAN_POINT('',(39.6875,-44.45,-67.0000000000001));
#2753=CARTESIAN_POINT('',(47.625,-44.45,-63.675));
#2754=CARTESIAN_POINT('',(25.625,-44.45,-63.675));
#2755=CARTESIAN_POINT('',(0.,-44.45,-63.675));
#2756=CARTESIAN_POINT('',(25.625,-44.45,-79.375));
#2757=CARTESIAN_POINT('',(25.625,-44.45,-55.675));
#2758=CARTESIAN_POINT('',(17.625,-44.45,-55.675));
#2759=CARTESIAN_POINT('',(0.,-44.45,-95.875));
#2760=CARTESIAN_POINT('',(0.,-44.45,-95.875));
#2761=CARTESIAN_POINT('',(0.,-44.45,-79.375));
#2762=CARTESIAN_POINT('',(47.625,-44.45,-79.375));
#2763=CARTESIAN_POINT('',(0.,0.,0.));
#2764=CARTESIAN_POINT('',(0.,0.,40.25));
#2765=CARTESIAN_POINT('',(0.,31.4308964237422,31.4308964237418));
#2766=CARTESIAN_POINT('',(0.,31.4308964237422,29.4115964237418));
#2767=CARTESIAN_POINT('',(0.,-11.5045065548069,42.9354029785491));
#2768=CARTESIAN_POINT('',(0.,-11.5045065548069,40.9161029785491));
#2769=CARTESIAN_POINT('',(0.,-42.9354029785491,11.5045065548071));
#2770=CARTESIAN_POINT('',(0.,-42.9354029785491,9.4852065548071));
#2771=CARTESIAN_POINT('',(0.,-31.430896423742,-31.4308964237421));
#2772=CARTESIAN_POINT('',(0.,-31.430896423742,-33.4501964237421));
#2773=CARTESIAN_POINT('',(0.,11.5045065548072,-42.935402978549));
#2774=CARTESIAN_POINT('',(0.,11.5045065548072,-44.954702978549));
#2775=CARTESIAN_POINT('',(0.,42.9354029785492,-11.5045065548068));
#2776=CARTESIAN_POINT('',(0.,42.9354029785492,-13.5238065548068));
#2777=CARTESIAN_POINT('',(0.,60.325,-8.67361737988404E-15));
#2778=CARTESIAN_POINT('',(0.,60.325,-4.36880000000001));
#2779=CARTESIAN_POINT('',(0.,30.1624999999999,-52.2429824832963));
#2780=CARTESIAN_POINT('',(0.,30.1624999999999,-56.6117824832963));
#2781=CARTESIAN_POINT('',(0.,-30.1625000000003,-52.2429824832961));
#2782=CARTESIAN_POINT('',(0.,-30.1625000000003,-56.6117824832961));
#2783=CARTESIAN_POINT('',(0.,-60.325,8.67361737988404E-15));
#2784=CARTESIAN_POINT('',(0.,-60.325,-4.36879999999999));
#2785=CARTESIAN_POINT('',(0.,-30.1624999999995,52.2429824832965));
#2786=CARTESIAN_POINT('',(0.,-30.1624999999995,47.8741824832965));
#2787=CARTESIAN_POINT('',(0.,30.1625000000006,52.2429824832959));
#2788=CARTESIAN_POINT('',(0.,30.1625000000006,47.8741824832959));
#2789=CARTESIAN_POINT('',(0.,1.07899800205757E-12,60.325));
#2790=CARTESIAN_POINT('',(0.,1.07865428044046E-12,57.5183));
#2791=CARTESIAN_POINT('',(0.,-52.2429824832958,30.1625000000008));
#2792=CARTESIAN_POINT('',(0.,-52.2429824832958,27.3558000000008));
#2793=CARTESIAN_POINT('',(0.,-52.2429824832964,-30.1624999999997));
#2794=CARTESIAN_POINT('',(0.,-52.2429824832964,-32.9691999999997));
#2795=CARTESIAN_POINT('',(0.,-6.55725473919233E-13,-60.325));
#2796=CARTESIAN_POINT('',(0.,-6.5606919553635E-13,-63.1317));
#2797=CARTESIAN_POINT('',(0.,52.242982483296,-30.1625000000004));
#2798=CARTESIAN_POINT('',(0.,52.242982483296,-32.9692000000004));
#2799=CARTESIAN_POINT('',(0.,52.2429824832964,30.1624999999997));
#2800=CARTESIAN_POINT('',(0.,52.2429824832964,27.3557999999997));
#2801=CARTESIAN_POINT('',(0.,-69.85,79.375));
#2802=CARTESIAN_POINT('',(0.,-69.85,95.875));
#2803=CARTESIAN_POINT('',(0.,-69.85,41.275));
#2804=CARTESIAN_POINT('',(0.,-74.45,95.875));
#2805=CARTESIAN_POINT('',(0.,34.2849933915521,63.675));
#2806=CARTESIAN_POINT('',(0.,30.6176892712262,63.675));
#2807=CARTESIAN_POINT('',(0.,66.675,27.617689271226));
#2808=CARTESIAN_POINT('',(0.,66.675,27.617689271226));
#2809=CARTESIAN_POINT('',(0.,66.675,-27.617689271226));
#2810=CARTESIAN_POINT('',(0.,66.675,-27.617689271226));
#2811=CARTESIAN_POINT('',(0.,27.6176892712262,-66.675));
#2812=CARTESIAN_POINT('',(0.,30.6176892712262,-63.675));
#2813=CARTESIAN_POINT('',(0.,-44.45,-63.675));
#2814=CARTESIAN_POINT('',(0.,-74.45,-95.875));
#2815=CARTESIAN_POINT('',(0.,-69.85,-95.875));
#2816=CARTESIAN_POINT('',(0.,-69.85,-41.275));
#2817=CARTESIAN_POINT('',(0.,-69.85,-41.275));
#2818=CARTESIAN_POINT('',(0.,-66.675,-41.275));
#2819=CARTESIAN_POINT('',(0.,-66.675,-41.275));
#2820=CARTESIAN_POINT('',(0.,-66.675,41.275));
#2821=CARTESIAN_POINT('',(0.,-66.675,41.275));
#2822=CARTESIAN_POINT('',(0.,-69.85,41.275));
#2823=CARTESIAN_POINT('',(0.,51.816,0.));
#2824=CARTESIAN_POINT('',(47.625,30.6176892712262,-63.675));
#2825=CARTESIAN_POINT('',(17.625,30.6176892712262,-63.675));
#2826=CARTESIAN_POINT('',(17.625,45.55,-63.675));
#2827=CARTESIAN_POINT('',(17.625,-36.45,-63.675));
#2828=CARTESIAN_POINT('',(25.625,-36.45,-63.675));
#2829=CARTESIAN_POINT('',(0.,0.,-63.675));
#2830=CARTESIAN_POINT('',(17.625,27.6176892712262,-66.675));
#2831=CARTESIAN_POINT('',(17.625,38.6176892712262,-55.675));
#2832=CARTESIAN_POINT('',(47.625,66.675,-27.617689271226));
#2833=CARTESIAN_POINT('',(47.625,38.6176892712262,-55.675));
#2834=CARTESIAN_POINT('',(47.625,27.6176892712262,-66.675));
#2835=CARTESIAN_POINT('',(17.625,27.6176892712262,66.675));
#2836=CARTESIAN_POINT('',(17.625,38.6176892712262,55.675));
#2837=CARTESIAN_POINT('',(17.625,30.6176892712262,63.675));
#2838=CARTESIAN_POINT('',(47.625,38.6176892712262,55.675));
#2839=CARTESIAN_POINT('',(47.625,66.675,27.617689271226));
#2840=CARTESIAN_POINT('',(47.625,30.6176892712262,63.675));
#2841=CARTESIAN_POINT('',(47.625,27.6176892712262,66.675));
#2842=CARTESIAN_POINT('',(47.625,-12.6003906189451,-50.706096369448));
#2843=CARTESIAN_POINT('',(44.5498005213164,-12.2129519021588,-50.8023743226322));
#2844=CARTESIAN_POINT('',(41.7116417053248,-10.6932890117119,-51.1948102680242));
#2845=CARTESIAN_POINT('',(37.6711150010523,-6.11602300117175,-51.9408248963773));
#2846=CARTESIAN_POINT('',(36.513957914639,-3.06903683575681,-52.2478805491231));
#2847=CARTESIAN_POINT('',(36.5110449569258,3.05695894340805,-52.2485886028799));
#2848=CARTESIAN_POINT('',(37.677720327973,6.11974528075517,-51.9398642367929));
#2849=CARTESIAN_POINT('',(41.6912839499937,10.6739745883461,-51.1983109655499));
#2850=CARTESIAN_POINT('',(44.5499775285937,12.2129742029796,-50.8023687809109));
#2851=CARTESIAN_POINT('',(47.625,12.6003906189451,-50.706096369448));
#2852=CARTESIAN_POINT('',(47.625,12.6003906189451,50.706096369448));
#2853=CARTESIAN_POINT('',(44.5498005213164,12.2129519021588,50.8023743226322));
#2854=CARTESIAN_POINT('',(41.7116417053248,10.6932890117119,51.1948102680242));
#2855=CARTESIAN_POINT('',(37.6711150010523,6.11602300117175,51.9408248963773));
#2856=CARTESIAN_POINT('',(36.513957914639,3.06903683575681,52.2478805491231));
#2857=CARTESIAN_POINT('',(36.5110449569258,-3.05695894340805,52.2485886028799));
#2858=CARTESIAN_POINT('',(37.677720327973,-6.11974528075517,51.9398642367929));
#2859=CARTESIAN_POINT('',(41.6912839499937,-10.6739745883461,51.1983109655499));
#2860=CARTESIAN_POINT('',(44.5499775285937,-12.2129742029796,50.8023687809109));
#2861=CARTESIAN_POINT('',(47.625,-12.6003906189451,50.706096369448));
#2862=CARTESIAN_POINT('',(28.575,0.,0.));
#2863=CARTESIAN_POINT('',(28.575,0.,52.2482349249977));
#2864=CARTESIAN_POINT('',(50.,0.,0.));
#2865=CARTESIAN_POINT('',(1.27,1.07899800205757E-12,60.325));
#2866=CARTESIAN_POINT('',(1.27,1.07865428044046E-12,57.5183));
#2867=CARTESIAN_POINT('',(0.,1.07865428044046E-12,57.5183));
#2868=CARTESIAN_POINT('',(0.,1.07899800205757E-12,60.325));
#2869=CARTESIAN_POINT('',(1.7431176514223,1.07899800205757E-12,60.325));
#2870=CARTESIAN_POINT('',(1.7431176514223,1.07875070912942E-12,58.3057));
#2871=CARTESIAN_POINT('',(1.7431176514223,1.07875070912942E-12,58.3057));
#2872=CARTESIAN_POINT('',(1.7431176514223,1.07899800205757E-12,60.325));
#2873=CARTESIAN_POINT('',(11.1125,5.39375354564712E-13,58.3057));
#2874=CARTESIAN_POINT('',(11.1125,-0.224432183928039,58.3057000000001));
#2875=CARTESIAN_POINT('',(11.1187739687673,-0.451953259059571,58.3442027311666));
#2876=CARTESIAN_POINT('',(11.1298521721225,-0.663659607052506,58.4178743051478));
#2877=CARTESIAN_POINT('',(11.1409270765973,-0.875302912881872,58.4915239411216));
#2878=CARTESIAN_POINT('',(11.1570172534256,-1.07696221929037,58.6022805477402));
#2879=CARTESIAN_POINT('',(11.1744059944677,-1.25242960174538,58.7410200182233));
#2880=CARTESIAN_POINT('',(11.1919297465798,-1.42925936224808,58.8808367009284));
#2881=CARTESIAN_POINT('',(11.2111256756281,-1.58436905531738,59.0529135834425));
#2882=CARTESIAN_POINT('',(11.2274929053681,-1.70516756597805,59.2433456827929));
#2883=CARTESIAN_POINT('',(11.2439496140605,-1.82662647698572,59.4348188663735));
#2884=CARTESIAN_POINT('',(11.2578679311762,-1.91673673985634,59.6502305386174));
#2885=CARTESIAN_POINT('',(11.2658682074773,-1.96774761157468,59.8716327899617));
#2886=CARTESIAN_POINT('',(11.2738007897277,-2.01832685663389,60.0911616541073));
#2887=CARTESIAN_POINT('',(11.2760626069832,-2.0318379859212,60.3226958218467));
#2888=CARTESIAN_POINT('',(11.2721018228043,-2.00709081941683,60.5467181377523));
#2889=CARTESIAN_POINT('',(11.2681777401034,-1.98257296547935,60.768664614701));
#2890=CARTESIAN_POINT('',(11.2580829630635,-1.9198793989283,60.9893191616751));
#2891=CARTESIAN_POINT('',(11.2442122307623,-1.82431974983261,61.1906962171378));
#2892=CARTESIAN_POINT('',(11.2302791531918,-1.72833058541485,61.3929784091478));
#2893=CARTESIAN_POINT('',(11.2122721513693,-1.59660910428715,61.5813510330776));
#2894=CARTESIAN_POINT('',(11.1943815021534,-1.43982136888655,61.7407990378915));
#2895=CARTESIAN_POINT('',(11.1762901047776,-1.28127434297598,61.9020361836799));
#2896=CARTESIAN_POINT('',(11.1579537364022,-1.09269212163612,62.0381417510665));
#2897=CARTESIAN_POINT('',(11.1436837213085,-0.889434706294483,62.137864692479));
#2898=CARTESIAN_POINT('',(11.1294051766061,-0.686055798004787,62.2376472412328));
#2899=CARTESIAN_POINT('',(11.1189141464756,-0.462269153284679,62.3037332955279));
#2900=CARTESIAN_POINT('',(11.1147094703292,-0.236887451339428,62.3303570319016));
#2901=CARTESIAN_POINT('',(11.1132441895887,-0.158344549194771,62.3396350944182));
#2902=CARTESIAN_POINT('',(11.1125,-0.0791025724540217,62.3443));
#2903=CARTESIAN_POINT('',(11.1125,1.07669937839288E-12,62.3443));
#2904=CARTESIAN_POINT('',(11.1125,0.224432183929479,62.3443));
#2905=CARTESIAN_POINT('',(11.1187739687673,0.451953259060836,62.3057972688336));
#2906=CARTESIAN_POINT('',(11.1298521721225,0.663659607053642,62.2321256948525));
#2907=CARTESIAN_POINT('',(11.1409270765974,0.875302912883047,62.1584760588788));
#2908=CARTESIAN_POINT('',(11.1570172534257,1.0769622192916,62.0477194522604));
#2909=CARTESIAN_POINT('',(11.1744059944678,1.25242960174669,61.9089799817773));
#2910=CARTESIAN_POINT('',(11.19192974658,1.42925936224946,61.7691632990723));
#2911=CARTESIAN_POINT('',(11.2111256756283,1.58436905531885,61.5970864165584));
#2912=CARTESIAN_POINT('',(11.2274929053683,1.70516756597963,61.406654317208));
#2913=CARTESIAN_POINT('',(11.2439496140608,1.8266264769874,61.2151811336274));
#2914=CARTESIAN_POINT('',(11.2578679311765,1.91673673985814,60.9997694613836));
#2915=CARTESIAN_POINT('',(11.2658682074776,1.9677476115766,60.7783672100393));
#2916=CARTESIAN_POINT('',(11.2738007897281,2.01832685663593,60.5588383458937));
#2917=CARTESIAN_POINT('',(11.2760626069836,2.03183798592336,60.3273041781543));
#2918=CARTESIAN_POINT('',(11.2721018228047,2.00709081941911,60.1032818622488));
#2919=CARTESIAN_POINT('',(11.2681777401038,1.98257296548174,59.8813353853));
#2920=CARTESIAN_POINT('',(11.2580829630639,1.91987939893081,59.6606808383259));
#2921=CARTESIAN_POINT('',(11.2442122307627,1.82431974983523,59.4593037828631));
#2922=CARTESIAN_POINT('',(11.2302791531921,1.72833058541758,59.2570215908531));
#2923=CARTESIAN_POINT('',(11.2122721513697,1.59660910428999,59.0686489669233));
#2924=CARTESIAN_POINT('',(11.1943815021538,1.43982136888948,58.9092009621093));
#2925=CARTESIAN_POINT('',(11.1762901047779,1.28127434297901,58.7479638163208));
#2926=CARTESIAN_POINT('',(11.1579537364025,1.09269212163923,58.6118582489341));
#2927=CARTESIAN_POINT('',(11.1436837213087,0.889434706297658,58.5121353075215));
#2928=CARTESIAN_POINT('',(11.1294051766063,0.686055798008011,58.4123527587676));
#2929=CARTESIAN_POINT('',(11.1189141464757,0.462269153287932,58.3462667044723));
#2930=CARTESIAN_POINT('',(11.1147094703292,0.236887451342685,58.3196429680985));
#2931=CARTESIAN_POINT('',(11.1132441895887,0.158344549197489,58.3103649055818));
#2932=CARTESIAN_POINT('',(11.1125,0.0791025724561868,58.3057));
#2933=CARTESIAN_POINT('',(11.1125,5.39375354564712E-13,58.3057));
#2934=CARTESIAN_POINT('',(11.1125,5.39375354564712E-13,58.3057));
#2935=CARTESIAN_POINT('',(0.,1.07875070912942E-12,58.3057));
#2936=CARTESIAN_POINT('',(0.,1.07899800205757E-12,60.325));
#2937=CARTESIAN_POINT('',(1.27,-52.2429824832958,30.1625000000008));
#2938=CARTESIAN_POINT('',(1.27,-52.2429824832958,27.3558000000008));
#2939=CARTESIAN_POINT('',(0.,-52.2429824832958,27.3558000000008));
#2940=CARTESIAN_POINT('',(0.,-52.2429824832958,30.1625000000008));
#2941=CARTESIAN_POINT('',(1.7431176514223,-52.2429824832958,30.1625000000008));
#2942=CARTESIAN_POINT('',(1.7431176514223,-52.2429824832958,28.1432000000008));
#2943=CARTESIAN_POINT('',(1.7431176514223,-52.2429824832958,28.1432000000008));
#2944=CARTESIAN_POINT('',(1.7431176514223,-52.2429824832958,30.1625000000008));
#2945=CARTESIAN_POINT('',(25.4000000000054,-52.2429824832958,30.1625000000008));
#2946=CARTESIAN_POINT('',(25.4000000000054,-52.2429824832958,28.1432000000008));
#2947=CARTESIAN_POINT('',(0.,-52.2429824832958,28.1432000000008));
#2948=CARTESIAN_POINT('',(0.,-52.2429824832958,30.1625000000008));
#2949=CARTESIAN_POINT('',(-574.24730117955,-52.2429824832959,-969.837499999999));
#2950=CARTESIAN_POINT('',(26.6133178480077,-52.2429824832958,30.1625000000008));
#2951=CARTESIAN_POINT('',(-574.24730117955,-52.2429824832958,30.1625000000008));
#2952=CARTESIAN_POINT('',(1.27,-52.2429824832964,-30.1624999999997));
#2953=CARTESIAN_POINT('',(1.27,-52.2429824832964,-32.9691999999997));
#2954=CARTESIAN_POINT('',(0.,-52.2429824832964,-32.9691999999997));
#2955=CARTESIAN_POINT('',(0.,-52.2429824832964,-30.1624999999997));
#2956=CARTESIAN_POINT('',(1.7431176514223,-52.2429824832964,-30.1624999999997));
#2957=CARTESIAN_POINT('',(1.7431176514223,-52.2429824832964,-32.1817999999997));
#2958=CARTESIAN_POINT('',(1.7431176514223,-52.2429824832964,-32.1817999999997));
#2959=CARTESIAN_POINT('',(1.7431176514223,-52.2429824832964,-30.1624999999997));
#2960=CARTESIAN_POINT('',(25.4000000000054,-52.2429824832964,-30.1624999999997));
#2961=CARTESIAN_POINT('',(25.4000000000054,-52.2429824832964,-32.1817999999998));
#2962=CARTESIAN_POINT('',(0.,-52.2429824832964,-32.1817999999997));
#2963=CARTESIAN_POINT('',(0.,-52.2429824832964,-30.1624999999997));
#2964=CARTESIAN_POINT('',(-574.24730117955,-52.2429824832966,-1030.1625));
#2965=CARTESIAN_POINT('',(26.6133178480077,-52.2429824832964,-30.1624999999997));
#2966=CARTESIAN_POINT('',(-574.24730117955,-52.2429824832964,-30.1624999999997));
#2967=CARTESIAN_POINT('',(1.27,-6.55725473919233E-13,-60.325));
#2968=CARTESIAN_POINT('',(1.27,-6.5606919553635E-13,-63.1317));
#2969=CARTESIAN_POINT('',(0.,-6.5606919553635E-13,-63.1317));
#2970=CARTESIAN_POINT('',(0.,-6.55725473919233E-13,-60.325));
#2971=CARTESIAN_POINT('',(1.7431176514223,-6.55725473919233E-13,-60.325));
#2972=CARTESIAN_POINT('',(1.7431176514223,-6.55972766847385E-13,-62.3443));
#2973=CARTESIAN_POINT('',(1.7431176514223,-6.55972766847385E-13,-62.3443));
#2974=CARTESIAN_POINT('',(1.7431176514223,-6.55725473919233E-13,-60.325));
#2975=CARTESIAN_POINT('',(11.1125,-3.27986383423694E-13,-62.3443));
#2976=CARTESIAN_POINT('',(11.1125,-0.22443218392862,-62.3443000000001));
#2977=CARTESIAN_POINT('',(11.1187739687673,-0.451953259059868,-62.3057972688337));
#2978=CARTESIAN_POINT('',(11.1298521721225,-0.663659607052596,-62.2321256948528));
#2979=CARTESIAN_POINT('',(11.1409270765973,-0.875302912882023,-62.1584760588791));
#2980=CARTESIAN_POINT('',(11.1570172534256,-1.07696221929061,-62.0477194522608));
#2981=CARTESIAN_POINT('',(11.1744059944677,-1.25242960174574,-61.9089799817777));
#2982=CARTESIAN_POINT('',(11.1919297465799,-1.42925936224856,-61.7691632990728));
#2983=CARTESIAN_POINT('',(11.2111256756282,-1.58436905531801,-61.5970864165589));
#2984=CARTESIAN_POINT('',(11.2274929053682,-1.70516756597884,-61.4066543172086));
#2985=CARTESIAN_POINT('',(11.2439496140607,-1.82662647698668,-61.215181133628));
#2986=CARTESIAN_POINT('',(11.2578679311764,-1.91673673985749,-60.9997694613842));
#2987=CARTESIAN_POINT('',(11.2658682074775,-1.96774761157602,-60.77836721004));
#2988=CARTESIAN_POINT('',(11.273800789728,-2.01832685663542,-60.5588383458944));
#2989=CARTESIAN_POINT('',(11.2760626069835,-2.03183798592294,-60.327304178155));
#2990=CARTESIAN_POINT('',(11.2721018228046,-2.00709081941876,-60.1032818622495));
#2991=CARTESIAN_POINT('',(11.2681777401037,-1.98257296548147,-59.8813353853007));
#2992=CARTESIAN_POINT('',(11.2580829630639,-1.91987939893061,-59.6606808383266));
#2993=CARTESIAN_POINT('',(11.2442122307626,-1.82431974983509,-59.4593037828637));
#2994=CARTESIAN_POINT('',(11.2302791531921,-1.72833058541751,-59.2570215908537));
#2995=CARTESIAN_POINT('',(11.2122721513697,-1.59660910428998,-59.0686489669238));
#2996=CARTESIAN_POINT('',(11.1943815021538,-1.43982136888953,-58.9092009621097));
#2997=CARTESIAN_POINT('',(11.176290104778,-1.28127434297911,-58.7479638163212));
#2998=CARTESIAN_POINT('',(11.1579537364025,-1.09269212163937,-58.6118582489344));
#2999=CARTESIAN_POINT('',(11.1436837213087,-0.889434706297831,-58.5121353075218));
#3000=CARTESIAN_POINT('',(11.1294051766063,-0.686055798008218,-58.4123527587678));
#3001=CARTESIAN_POINT('',(11.1189141464757,-0.462269153288162,-58.3462667044725));
#3002=CARTESIAN_POINT('',(11.1147094703292,-0.236887451342926,-58.3196429680985));
#3003=CARTESIAN_POINT('',(11.1132441895887,-0.158344549197691,-58.3103649055819));
#3004=CARTESIAN_POINT('',(11.1125,-0.0791025724563474,-58.3057));
#3005=CARTESIAN_POINT('',(11.1125,-6.57495029554373E-13,-58.3057));
#3006=CARTESIAN_POINT('',(11.1125,0.224432183927742,-58.3057));
#3007=CARTESIAN_POINT('',(11.1187739687673,0.451953259059097,-58.3442027311664));
#3008=CARTESIAN_POINT('',(11.1298521721224,0.663659607051903,-58.4178743051474));
#3009=CARTESIAN_POINT('',(11.1409270765973,0.875302912881307,-58.4915239411212));
#3010=CARTESIAN_POINT('',(11.1570172534256,1.07696221928986,-58.6022805477396));
#3011=CARTESIAN_POINT('',(11.1744059944676,1.25242960174495,-58.7410200182227));
#3012=CARTESIAN_POINT('',(11.1919297465798,1.42925936224771,-58.8808367009277));
#3013=CARTESIAN_POINT('',(11.211125675628,1.58436905531711,-59.0529135834416));
#3014=CARTESIAN_POINT('',(11.227492905368,1.70516756597788,-59.2433456827919));
#3015=CARTESIAN_POINT('',(11.2439496140605,1.82662647698566,-59.4348188663725));
#3016=CARTESIAN_POINT('',(11.2578679311762,1.9167367398564,-59.6502305386164));
#3017=CARTESIAN_POINT('',(11.2658682074773,1.96774761157485,-59.8716327899606));
#3018=CARTESIAN_POINT('',(11.2738007897278,2.01832685663419,-60.0911616541062));
#3019=CARTESIAN_POINT('',(11.2760626069833,2.03183798592162,-60.3226958218456));
#3020=CARTESIAN_POINT('',(11.2721018228044,2.00709081941738,-60.5467181377512));
#3021=CARTESIAN_POINT('',(11.2681777401035,1.98257296548001,-60.7686646147));
#3022=CARTESIAN_POINT('',(11.2580829630637,1.91987939892908,-60.9893191616741));
#3023=CARTESIAN_POINT('',(11.2442122307624,1.8243197498335,-61.1906962171368));
#3024=CARTESIAN_POINT('',(11.2302791531919,1.72833058541584,-61.3929784091468));
#3025=CARTESIAN_POINT('',(11.2122721513694,1.59660910428825,-61.5813510330767));
#3026=CARTESIAN_POINT('',(11.1943815021536,1.43982136888774,-61.7407990378907));
#3027=CARTESIAN_POINT('',(11.1762901047778,1.28127434297727,-61.9020361836792));
#3028=CARTESIAN_POINT('',(11.1579537364023,1.09269212163748,-62.0381417510659));
#3029=CARTESIAN_POINT('',(11.1436837213086,0.8894347062959,-62.1378646924785));
#3030=CARTESIAN_POINT('',(11.1294051766062,0.686055798006258,-62.2376472412324));
#3031=CARTESIAN_POINT('',(11.1189141464757,0.462269153286187,-62.3037332955276));
#3032=CARTESIAN_POINT('',(11.1147094703292,0.236887451340949,-62.3303570319015));
#3033=CARTESIAN_POINT('',(11.1132441895887,0.158344549196148,-62.3396350944181));
#3034=CARTESIAN_POINT('',(11.1125,0.0791025724552491,-62.3443));
#3035=CARTESIAN_POINT('',(11.1125,-3.27986383423694E-13,-62.3443));
#3036=CARTESIAN_POINT('',(11.1125,-3.27986383423694E-13,-62.3443));
#3037=CARTESIAN_POINT('',(0.,-6.55972766847385E-13,-62.3443));
#3038=CARTESIAN_POINT('',(0.,-6.55725473919233E-13,-60.325));
#3039=CARTESIAN_POINT('',(1.27,52.242982483296,-30.1625000000004));
#3040=CARTESIAN_POINT('',(1.27,52.242982483296,-32.9692000000004));
#3041=CARTESIAN_POINT('',(0.,52.242982483296,-32.9692000000004));
#3042=CARTESIAN_POINT('',(0.,52.242982483296,-30.1625000000004));
#3043=CARTESIAN_POINT('',(1.7431176514223,52.242982483296,-30.1625000000004));
#3044=CARTESIAN_POINT('',(1.7431176514223,52.242982483296,-32.1818000000004));
#3045=CARTESIAN_POINT('',(1.7431176514223,52.242982483296,-32.1818000000004));
#3046=CARTESIAN_POINT('',(1.7431176514223,52.242982483296,-30.1625000000004));
#3047=CARTESIAN_POINT('',(25.4000000000054,52.242982483296,-30.1625000000004));
#3048=CARTESIAN_POINT('',(25.4000000000054,52.242982483296,-32.1818000000005));
#3049=CARTESIAN_POINT('',(0.,52.242982483296,-32.1818000000004));
#3050=CARTESIAN_POINT('',(0.,52.242982483296,-30.1625000000004));
#3051=CARTESIAN_POINT('',(-574.24730117955,52.2429824832959,-1030.1625));
#3052=CARTESIAN_POINT('',(26.6133178480077,52.242982483296,-30.1625000000004));
#3053=CARTESIAN_POINT('',(-574.24730117955,52.242982483296,-30.1625000000004));
#3054=CARTESIAN_POINT('',(1.27,52.2429824832964,30.1624999999997));
#3055=CARTESIAN_POINT('',(1.27,52.2429824832964,27.3557999999997));
#3056=CARTESIAN_POINT('',(0.,52.2429824832964,27.3557999999997));
#3057=CARTESIAN_POINT('',(0.,52.2429824832964,30.1624999999997));
#3058=CARTESIAN_POINT('',(1.7431176514223,52.2429824832964,30.1624999999997));
#3059=CARTESIAN_POINT('',(1.7431176514223,52.2429824832964,28.1431999999997));
#3060=CARTESIAN_POINT('',(1.7431176514223,52.2429824832964,28.1431999999997));
#3061=CARTESIAN_POINT('',(1.7431176514223,52.2429824832964,30.1624999999997));
#3062=CARTESIAN_POINT('',(25.4000000000054,52.2429824832964,30.1624999999997));
#3063=CARTESIAN_POINT('',(25.4000000000054,52.2429824832964,28.1431999999997));
#3064=CARTESIAN_POINT('',(0.,52.2429824832964,28.1431999999997));
#3065=CARTESIAN_POINT('',(0.,52.2429824832964,30.1624999999997));
#3066=CARTESIAN_POINT('',(-574.24730117955,52.2429824832963,-969.8375));
#3067=CARTESIAN_POINT('',(26.6133178480077,52.2429824832964,30.1624999999997));
#3068=CARTESIAN_POINT('',(-574.24730117955,52.2429824832964,30.1624999999997));
#3069=CARTESIAN_POINT('',(5.334,30.1624999999999,-52.2429824832963));
#3070=CARTESIAN_POINT('',(5.334,30.1624999999999,-56.6117824832963));
#3071=CARTESIAN_POINT('',(5.334,30.1624999999999,-56.6117824832963));
#3072=CARTESIAN_POINT('',(5.334,30.1624999999999,-52.2429824832963));
#3073=CARTESIAN_POINT('',(5.334,30.1624999999999,-52.2429824832963));
#3074=CARTESIAN_POINT('',(5.33399999999999,30.1624999999999,-55.0496824832963));
#3075=CARTESIAN_POINT('',(5.334,30.1624999999999,-52.2429824832963));
#3076=CARTESIAN_POINT('',(5.334,-30.1625000000003,-52.2429824832961));
#3077=CARTESIAN_POINT('',(5.334,-30.1625000000003,-56.6117824832961));
#3078=CARTESIAN_POINT('',(5.334,-30.1625000000003,-56.6117824832961));
#3079=CARTESIAN_POINT('',(5.334,-30.1625000000003,-52.2429824832961));
#3080=CARTESIAN_POINT('',(5.334,-30.1625000000003,-52.2429824832961));
#3081=CARTESIAN_POINT('',(5.33399999999999,-30.1625000000003,-55.0496824832961));
#3082=CARTESIAN_POINT('',(5.334,-30.1625000000003,-52.2429824832961));
#3083=CARTESIAN_POINT('',(5.334,-60.325,8.67361737988404E-15));
#3084=CARTESIAN_POINT('',(5.334,-60.325,-4.36879999999999));
#3085=CARTESIAN_POINT('',(5.334,-60.325,-4.36879999999999));
#3086=CARTESIAN_POINT('',(5.334,-60.325,8.67361737988404E-15));
#3087=CARTESIAN_POINT('',(5.334,-60.325,8.67361737988404E-15));
#3088=CARTESIAN_POINT('',(5.33399999999999,-60.325,-2.80669999999999));
#3089=CARTESIAN_POINT('',(5.334,-60.325,8.67361737988404E-15));
#3090=CARTESIAN_POINT('',(5.334,-30.1624999999995,52.2429824832965));
#3091=CARTESIAN_POINT('',(5.334,-30.1624999999995,47.8741824832965));
#3092=CARTESIAN_POINT('',(5.334,-30.1624999999995,47.8741824832965));
#3093=CARTESIAN_POINT('',(5.334,-30.1624999999995,52.2429824832965));
#3094=CARTESIAN_POINT('',(5.334,-30.1624999999995,52.2429824832965));
#3095=CARTESIAN_POINT('',(5.33399999999999,-30.1624999999995,49.4362824832965));
#3096=CARTESIAN_POINT('',(5.334,-30.1624999999995,52.2429824832965));
#3097=CARTESIAN_POINT('',(5.334,30.1625000000006,52.2429824832959));
#3098=CARTESIAN_POINT('',(5.334,30.1625000000006,47.8741824832959));
#3099=CARTESIAN_POINT('',(5.334,30.1625000000006,47.8741824832959));
#3100=CARTESIAN_POINT('',(5.334,30.1625000000006,52.2429824832959));
#3101=CARTESIAN_POINT('',(5.334,30.1625000000006,52.2429824832959));
#3102=CARTESIAN_POINT('',(5.33399999999999,30.1625000000006,49.4362824832959));
#3103=CARTESIAN_POINT('',(5.334,30.1625000000006,52.2429824832959));
#3104=CARTESIAN_POINT('',(5.334,60.325,-8.67361737988404E-15));
#3105=CARTESIAN_POINT('',(5.334,60.325,-4.36880000000001));
#3106=CARTESIAN_POINT('',(5.334,60.325,-4.36880000000001));
#3107=CARTESIAN_POINT('',(5.334,60.325,-8.67361737988404E-15));
#3108=CARTESIAN_POINT('',(5.334,60.325,-8.67361737988404E-15));
#3109=CARTESIAN_POINT('',(5.33399999999999,60.325,-2.80670000000001));
#3110=CARTESIAN_POINT('',(5.334,60.325,-8.67361737988404E-15));
#3111=CARTESIAN_POINT('',(7.9375,-51.308,-73.025));
#3112=CARTESIAN_POINT('',(7.9375,-51.308,-75.8317));
#3113=CARTESIAN_POINT('',(7.9375,-51.308,-73.025));
#3114=CARTESIAN_POINT('',(7.9375,-51.308,-77.3938));
#3115=CARTESIAN_POINT('',(7.9375,-51.308,-73.025));
#3116=CARTESIAN_POINT('',(7.9375,-51.308,-77.3938));
#3117=CARTESIAN_POINT('',(7.9375,-51.308,-73.025));
#3118=CARTESIAN_POINT('',(39.6875,-51.308,-73.025));
#3119=CARTESIAN_POINT('',(39.6875,-51.308,-75.8317));
#3120=CARTESIAN_POINT('',(39.6875,-51.308,-73.025));
#3121=CARTESIAN_POINT('',(39.6875,-51.308,-77.3938));
#3122=CARTESIAN_POINT('',(39.6875,-51.308,-73.025));
#3123=CARTESIAN_POINT('',(39.6875,-51.308,-77.3938));
#3124=CARTESIAN_POINT('',(39.6875,-51.308,-73.025));
#3125=CARTESIAN_POINT('',(7.9375,-51.308,73.025));
#3126=CARTESIAN_POINT('',(7.9375,-51.308,68.6562));
#3127=CARTESIAN_POINT('',(7.9375,-51.308,68.6562));
#3128=CARTESIAN_POINT('',(7.9375,-51.308,73.025));
#3129=CARTESIAN_POINT('',(7.9375,-51.308,73.025));
#3130=CARTESIAN_POINT('',(7.9375,-51.308,70.2183));
#3131=CARTESIAN_POINT('',(7.9375,-51.308,73.025));
#3132=CARTESIAN_POINT('',(39.6875,-51.308,73.025));
#3133=CARTESIAN_POINT('',(39.6875,-51.308,68.6562));
#3134=CARTESIAN_POINT('',(39.6875,-51.308,68.6562));
#3135=CARTESIAN_POINT('',(39.6875,-51.308,73.025));
#3136=CARTESIAN_POINT('',(39.6875,-51.308,73.025));
#3137=CARTESIAN_POINT('',(39.6875,-51.308,70.2183));
#3138=CARTESIAN_POINT('',(39.6875,-51.308,73.025));
#3139=CARTESIAN_POINT('',(47.625,-66.675,-41.275));
#3140=CARTESIAN_POINT('',(47.625,-66.675,41.275));
#3141=CARTESIAN_POINT('',(47.625,-66.675,41.275));
#3142=CARTESIAN_POINT('',(47.625,-69.85,41.275));
#3143=CARTESIAN_POINT('',(47.625,-66.675,41.275));
#3144=CARTESIAN_POINT('',(39.6875,-69.85,63.5));
#3145=CARTESIAN_POINT('',(39.6875,-69.85,67.));
#3146=CARTESIAN_POINT('',(26.9875,-69.85,76.2));
#3147=CARTESIAN_POINT('',(26.9875,-69.85,79.7));
#3148=CARTESIAN_POINT('',(11.3336066213593,-69.85,88.9298257389516));
#3149=CARTESIAN_POINT('',(11.3336066213593,-69.85,92.2298257389516));
#3150=CARTESIAN_POINT('',(36.7336066213593,-69.85,88.9));
#3151=CARTESIAN_POINT('',(36.7336066213593,-69.85,92.2));
#3152=CARTESIAN_POINT('',(39.6875,-69.85,73.025));
#3153=CARTESIAN_POINT('',(39.6875,-69.85,70.2183));
#3154=CARTESIAN_POINT('',(7.9375,-69.85,73.025));
#3155=CARTESIAN_POINT('',(7.9375,-69.85,70.2183));
#3156=CARTESIAN_POINT('',(47.625,-69.85,95.875));
#3157=CARTESIAN_POINT('',(47.625,-69.85,41.275));
#3158=CARTESIAN_POINT('',(47.625,66.675,-27.617689271226));
#3159=CARTESIAN_POINT('',(39.6875,-69.85,-63.5000000000001));
#3160=CARTESIAN_POINT('',(39.6875,-69.85,-60.0000000000001));
#3161=CARTESIAN_POINT('',(26.9875,-69.85,-76.2));
#3162=CARTESIAN_POINT('',(26.9875,-69.85,-72.7));
#3163=CARTESIAN_POINT('',(11.124826448698,-69.85,-88.8701742610484));
#3164=CARTESIAN_POINT('',(11.124826448698,-69.85,-85.5701742610484));
#3165=CARTESIAN_POINT('',(36.524826448698,-69.85,-88.9000000000001));
#3166=CARTESIAN_POINT('',(36.524826448698,-69.85,-85.6000000000001));
#3167=CARTESIAN_POINT('',(7.9375,-69.85,-73.025));
#3168=CARTESIAN_POINT('',(7.9375,-69.85,-75.8317));
#3169=CARTESIAN_POINT('',(39.6875,-69.85,-73.025));
#3170=CARTESIAN_POINT('',(39.6875,-69.85,-75.8317));
#3171=CARTESIAN_POINT('',(47.625,-69.85,-95.875));
#3172=CARTESIAN_POINT('',(47.625,-69.85,-41.275));
#3173=CARTESIAN_POINT('',(47.625,-69.85,-41.275));
#3174=CARTESIAN_POINT('',(47.625,-66.675,-41.275));
#3175=CARTESIAN_POINT('',(39.6875,-69.85,70.2183));
#3176=CARTESIAN_POINT('',(39.6875,-69.85,73.025));
#3177=CARTESIAN_POINT('',(7.9375,-69.85,70.2183));
#3178=CARTESIAN_POINT('',(7.9375,-69.85,73.025));
#3179=CARTESIAN_POINT('',(39.6875,-69.85,-75.8317));
#3180=CARTESIAN_POINT('',(39.6875,-69.85,-73.025));
#3181=CARTESIAN_POINT('',(7.9375,-69.85,-75.8317));
#3182=CARTESIAN_POINT('',(7.9375,-69.85,-73.025));
#3183=CARTESIAN_POINT('',(47.625,60.325,-2.80670000000001));
#3184=CARTESIAN_POINT('',(47.625,60.325,-8.67361737988404E-15));
#3185=CARTESIAN_POINT('',(47.625,30.1625000000006,49.4362824832959));
#3186=CARTESIAN_POINT('',(47.625,30.1625000000006,52.2429824832959));
#3187=CARTESIAN_POINT('',(47.625,-30.1624999999995,49.4362824832965));
#3188=CARTESIAN_POINT('',(47.625,-30.1624999999995,52.2429824832965));
#3189=CARTESIAN_POINT('',(47.625,-60.325,-2.80669999999999));
#3190=CARTESIAN_POINT('',(47.625,-60.325,8.67361737988404E-15));
#3191=CARTESIAN_POINT('',(47.625,-30.1625000000003,-55.0496824832961));
#3192=CARTESIAN_POINT('',(47.625,-30.1625000000003,-52.2429824832961));
#3193=CARTESIAN_POINT('',(47.625,30.1624999999999,-55.0496824832963));
#3194=CARTESIAN_POINT('',(47.625,30.1624999999999,-52.2429824832963));
#3195=CARTESIAN_POINT('',(36.7336066213593,-69.85,88.9));
#3196=CARTESIAN_POINT('',(11.3336066213593,-69.85,88.9298257389516));
#3197=CARTESIAN_POINT('',(36.524826448698,-69.85,-88.9000000000001));
#3198=CARTESIAN_POINT('',(11.124826448698,-69.85,-88.8701742610484));
#3199=CARTESIAN_POINT('',(23.8125,0.,66.675));
#3200=CARTESIAN_POINT('',(23.8125,0.,66.675));
#3201=CARTESIAN_POINT('',(28.575,0.,0.));
#3202=CARTESIAN_POINT('',(28.575,0.,40.25));
#3203=CARTESIAN_POINT('',(28.575,-44.8575618575504,-10.3561841643553));
#3204=CARTESIAN_POINT('',(28.575,-44.8575618575504,-8.3368841643553));
#3205=CARTESIAN_POINT('',(28.575,31.3974995013771,-33.6696960382927));
#3206=CARTESIAN_POINT('',(28.575,31.3974995013771,-31.6503960382927));
#3207=CARTESIAN_POINT('',(28.575,13.4600623561736,44.0258802026481));
#3208=CARTESIAN_POINT('',(28.575,13.4600623561736,46.0451802026481));
#3209=CARTESIAN_POINT('',(28.575,-3.5527136788005E-15,0.));
#3210=CARTESIAN_POINT('',(18.923,13.4600623561736,44.0258802026481));
#3211=CARTESIAN_POINT('',(18.923,13.4600623561736,46.0451802026481));
#3212=CARTESIAN_POINT('',(17.7096821519977,13.4600623561736,44.0258802026481));
#3213=CARTESIAN_POINT('',(18.923,13.4600623561736,44.0258802026481));
#3214=CARTESIAN_POINT('',(28.575,13.4600623561736,44.0258802026481));
#3215=CARTESIAN_POINT('',(18.923,31.3974995013771,-33.6696960382927));
#3216=CARTESIAN_POINT('',(18.923,31.3974995013771,-31.6503960382927));
#3217=CARTESIAN_POINT('',(17.7096821519977,31.3974995013771,-33.6696960382927));
#3218=CARTESIAN_POINT('',(18.923,31.3974995013771,-33.6696960382927));
#3219=CARTESIAN_POINT('',(28.575,31.3974995013771,-33.6696960382927));
#3220=CARTESIAN_POINT('',(18.923,-44.8575618575504,-10.3561841643553));
#3221=CARTESIAN_POINT('',(18.923,-44.8575618575504,-8.3368841643553));
#3222=CARTESIAN_POINT('',(17.7096821519977,-44.8575618575504,-10.3561841643553));
#3223=CARTESIAN_POINT('',(18.923,-44.8575618575504,-10.3561841643553));
#3224=CARTESIAN_POINT('',(28.575,-44.8575618575504,-10.3561841643553));
#3225=CARTESIAN_POINT('',(9.652,42.9354029785492,-11.5045065548068));
#3226=CARTESIAN_POINT('',(9.652,42.9354029785492,-13.5238065548068));
#3227=CARTESIAN_POINT('',(10.8653178480024,42.9354029785492,-11.5045065548068));
#3228=CARTESIAN_POINT('',(9.652,42.9354029785492,-11.5045065548068));
#3229=CARTESIAN_POINT('',(0.,42.9354029785492,-11.5045065548068));
#3230=CARTESIAN_POINT('',(9.652,11.5045065548072,-42.935402978549));
#3231=CARTESIAN_POINT('',(9.652,11.5045065548072,-44.954702978549));
#3232=CARTESIAN_POINT('',(10.8653178480024,11.5045065548072,-42.935402978549));
#3233=CARTESIAN_POINT('',(9.652,11.5045065548072,-42.935402978549));
#3234=CARTESIAN_POINT('',(0.,11.5045065548072,-42.935402978549));
#3235=CARTESIAN_POINT('',(9.652,-31.430896423742,-31.4308964237421));
#3236=CARTESIAN_POINT('',(9.652,-31.430896423742,-33.4501964237421));
#3237=CARTESIAN_POINT('',(10.8653178480024,-31.430896423742,-31.4308964237421));
#3238=CARTESIAN_POINT('',(9.652,-31.430896423742,-31.4308964237421));
#3239=CARTESIAN_POINT('',(0.,-31.430896423742,-31.4308964237421));
#3240=CARTESIAN_POINT('',(9.652,-42.9354029785491,11.5045065548071));
#3241=CARTESIAN_POINT('',(9.652,-42.9354029785491,9.4852065548071));
#3242=CARTESIAN_POINT('',(10.8653178480024,-42.9354029785491,11.5045065548071));
#3243=CARTESIAN_POINT('',(9.652,-42.9354029785491,11.5045065548071));
#3244=CARTESIAN_POINT('',(0.,-42.9354029785491,11.5045065548071));
#3245=CARTESIAN_POINT('',(9.652,-11.5045065548069,42.9354029785491));
#3246=CARTESIAN_POINT('',(9.652,-11.5045065548069,40.9161029785491));
#3247=CARTESIAN_POINT('',(10.8653178480024,-11.5045065548069,42.9354029785491));
#3248=CARTESIAN_POINT('',(9.652,-11.5045065548069,42.9354029785491));
#3249=CARTESIAN_POINT('',(0.,-11.5045065548069,42.9354029785491));
#3250=CARTESIAN_POINT('',(9.652,31.4308964237422,31.4308964237418));
#3251=CARTESIAN_POINT('',(9.652,31.4308964237422,29.4115964237418));
#3252=CARTESIAN_POINT('',(10.8653178480024,31.4308964237422,31.4308964237418));
#3253=CARTESIAN_POINT('',(9.652,31.4308964237422,31.4308964237418));
#3254=CARTESIAN_POINT('',(0.,31.4308964237422,31.4308964237418));
#3255=CARTESIAN_POINT('',(17.625,45.55,63.675));
#3256=CARTESIAN_POINT('',(17.625,-36.45,63.6749999999999));
#3257=CARTESIAN_POINT('',(25.625,-36.45,63.675));
#3258=CARTESIAN_POINT('',(0.,0.,63.675));
#3259=CARTESIAN_POINT('',(17.625,-36.45,55.675));
#3260=CARTESIAN_POINT('',(17.625,-36.45,55.675));
#3261=CARTESIAN_POINT('',(17.625,45.55,55.675));
#3262=CARTESIAN_POINT('',(17.625,45.55,55.675));
#3263=CARTESIAN_POINT('',(49.2125,0.,55.675));
#3264=CARTESIAN_POINT('',(25.625,-36.45,55.6749999999999));
#3265=CARTESIAN_POINT('',(47.625,45.55,55.675));
#3266=CARTESIAN_POINT('',(26.9875,-44.45,76.2));
#3267=CARTESIAN_POINT('',(39.6875,-44.45,63.5));
#3268=CARTESIAN_POINT('',(25.625,-36.45,79.375));
#3269=CARTESIAN_POINT('',(17.625,45.55,-55.675));
#3270=CARTESIAN_POINT('',(17.625,-36.45,-55.675));
#3271=CARTESIAN_POINT('',(17.625,-36.45,-63.675));
#3272=CARTESIAN_POINT('',(17.625,45.55,-63.675));
#3273=CARTESIAN_POINT('',(49.2125,0.,-55.675));
#3274=CARTESIAN_POINT('',(25.625,-36.45,-55.675));
#3275=CARTESIAN_POINT('',(17.625,45.55,-55.675));
#3276=CARTESIAN_POINT('',(26.9875,-44.45,-76.2));
#3277=CARTESIAN_POINT('',(39.6875,-44.45,-63.5000000000001));
#3278=CARTESIAN_POINT('',(0.,-74.45,-95.875));
#3279=CARTESIAN_POINT('',(47.625,-74.45,95.875));
#3280=CARTESIAN_POINT('',(25.625,-36.45,-79.375));
#3281=CARTESIAN_POINT('',(49.2125,0.,-69.325));
#3282=CARTESIAN_POINT('',(49.2125,0.,-69.325));
#3283=CARTESIAN_POINT('',(40.,0.,0.));
#3284=MECHANICAL_DESIGN_GEOMETRIC_PRESENTATION_REPRESENTATION('',(#43,#23,
#24,#25,#26,#27,#28,#29,#30,#31,#32,#33,#34,#35,#36,#37,#38,#39,#40,#41),
#3285);
#3285=(
GEOMETRIC_REPRESENTATION_CONTEXT(3)
GLOBAL_UNCERTAINTY_ASSIGNED_CONTEXT((#3286))
GLOBAL_UNIT_ASSIGNED_CONTEXT((#3292,#3288,#3287))
REPRESENTATION_CONTEXT('ASPE_2025_8_MOUNT FOOT TO FLANGE 3R',
'TOP_LEVEL_ASSEMBLY_PART')
);
#3286=UNCERTAINTY_MEASURE_WITH_UNIT(LENGTH_MEASURE(0.0508),#3292,
'DISTANCE_ACCURACY_VALUE','Maximum Tolerance applied to model');
#3287=(
NAMED_UNIT(*)
SI_UNIT($,.STERADIAN.)
SOLID_ANGLE_UNIT()
);
#3288=(
CONVERSION_BASED_UNIT('DEGREE',#3290)
NAMED_UNIT(#3289)
PLANE_ANGLE_UNIT()
);
#3289=DIMENSIONAL_EXPONENTS(0.,0.,0.,0.,0.,0.,0.);
#3290=PLANE_ANGLE_MEASURE_WITH_UNIT(PLANE_ANGLE_MEASURE(0.0174532925),#3291);
#3291=(
NAMED_UNIT(*)
PLANE_ANGLE_UNIT()
SI_UNIT($,.RADIAN.)
);
#3292=(
LENGTH_UNIT()
NAMED_UNIT(*)
SI_UNIT(.MILLI.,.METRE.)
);
ENDSEC;
END-ISO-10303-21;
