ISO-10303-21;
HEADER;
FILE_DESCRIPTION (( 'STEP AP214' ),
    '1' );
FILE_NAME ('OPB741WZ.STEP',
    '2015-01-28T13:49:27',
    ( '' ),
    ( '' ),
    'SwSTEP 2.0',
    'SolidWorks 2014',
    '' );
FILE_SCHEMA (( 'AUTOMOTIVE_DESIGN' ));
ENDSEC;

DATA;
#1 = UNCERTAINTY_MEASURE_WITH_UNIT (LENGTH_MEASURE( 1.000000000000000100E-005 ), #1131, 'distance_accuracy_value', 'NONE');
#2 = CARTESIAN_POINT ( 'NONE',  ( 0.2380000000000000200, -0.2500000000000000600, -0.008999999999999992400 ) ) ;
#3 = STYLED_ITEM ( 'NONE', ( #918 ), #539 ) ;
#4 = DIRECTION ( 'NONE',  ( -1.000000000000000000, 0.0000000000000000000, 0.0000000000000000000 ) ) ;
#5 = DIRECTION ( 'NONE',  ( -0.0000000000000000000, 1.000000000000000000, -0.0000000000000000000 ) ) ;
#6 = CARTESIAN_POINT ( 'NONE',  ( -0.3499999999999999800, 0.1999999999999999800, 0.1000000000000000100 ) ) ;
#7 = ORIENTED_EDGE ( 'NONE', *, *, #1084, .T. ) ;
#8 = EDGE_LOOP ( 'NONE', ( #1360, #724 ) ) ;
#9 = ORIENTED_EDGE ( 'NONE', *, *, #1206, .F. ) ;
#10 = VECTOR ( 'NONE', #1348, 39.37007874015748100 ) ;
#11 = VECTOR ( 'NONE', #1053, 39.37007874015748100 ) ;
#12 = CIRCLE ( 'NONE', #841, 0.02024500000000002000 ) ;
#13 = VECTOR ( 'NONE', #744, 39.37007874015748100 ) ;
#14 = AXIS2_PLACEMENT_3D ( 'NONE', #1144, #1101, #1150 ) ;
#15 = ORIENTED_EDGE ( 'NONE', *, *, #1357, .F. ) ;
#16 = CARTESIAN_POINT ( 'NONE',  ( -0.1380000000000000100, -0.2000000000000000100, 0.0000000000000000000 ) ) ;
#17 = CARTESIAN_POINT ( 'NONE',  ( -0.1850000000000000000, 0.5999999999999999800, 0.1000000000000000100 ) ) ;
#18 = AXIS2_PLACEMENT_3D ( 'NONE', #641, #636, #631 ) ;
#19 = CARTESIAN_POINT ( 'NONE',  ( -0.1399999999999999900, 0.5989999999999999800, -0.05999999999999999800 ) ) ;
#20 =( CONVERSION_BASED_UNIT ( 'INCH', #1139 ) LENGTH_UNIT ( ) NAMED_UNIT ( #94 ) );
#21 = SURFACE_SIDE_STYLE ('',( #1171 ) ) ;
#22 = AXIS2_PLACEMENT_3D ( 'NONE', #951, #924, #910 ) ;
#23 = VERTEX_POINT ( 'NONE', #1183 ) ;
#24 = EDGE_CURVE ( 'NONE', #643, #1173, #36, .T. ) ;
#25 = FILL_AREA_STYLE ('',( #38 ) ) ;
#26 = VERTEX_POINT ( 'NONE', #738 ) ;
#27 = DIRECTION ( 'NONE',  ( 0.0000000000000000000, -1.000000000000000000, 0.0000000000000000000 ) ) ;
#28 = LINE ( 'NONE', #1343, #10 ) ;
#29 = CARTESIAN_POINT ( 'NONE',  ( -0.1399999999999999900, 0.5989999999999999800, -0.05999999999999999800 ) ) ;
#30 = EDGE_LOOP ( 'NONE', ( #1061, #362 ) ) ;
#31 = FACE_OUTER_BOUND ( 'NONE', #178, .T. ) ;
#32 = EDGE_LOOP ( 'NONE', ( #911, #895, #150, #472 ) ) ;
#33 =( NAMED_UNIT ( * ) SI_UNIT ( $, .STERADIAN. ) SOLID_ANGLE_UNIT ( ) );
#34 = LINE ( 'NONE', #606, #241 ) ;
#35 = LINE ( 'NONE', #354, #11 ) ;
#36 = LINE ( 'NONE', #702, #13 ) ;
#37 = CARTESIAN_POINT ( 'NONE',  ( 0.1380000000000000100, -0.2500000000000000600, 0.0000000000000000000 ) ) ;
#38 = FILL_AREA_STYLE_COLOUR ( '', #1208 ) ;
#39 =( LENGTH_UNIT ( ) NAMED_UNIT ( * ) SI_UNIT ( $, .METRE. ) );
#40 = VECTOR ( 'NONE', #821, 39.37007874015748100 ) ;
#41 = FACE_OUTER_BOUND ( 'NONE', #324, .T. ) ;
#42 = AXIS2_PLACEMENT_3D ( 'NONE', #1338, #1298, #1259 ) ;
#43 =( NAMED_UNIT ( * ) PLANE_ANGLE_UNIT ( ) SI_UNIT ( $, .RADIAN. ) );
#44 = CARTESIAN_POINT ( 'NONE',  ( 0.1380000000000000100, -3.414809992080329000E-017, 0.0000000000000000000 ) ) ;
#45 = DIRECTION ( 'NONE',  ( 1.000000000000000000, 0.0000000000000000000, 0.0000000000000000000 ) ) ;
#46 = AXIS2_PLACEMENT_3D ( 'NONE', #842, #141, #958 ) ;
#47 = CARTESIAN_POINT ( 'NONE',  ( -0.1399999999999999900, 0.5989999999999999800, -0.05999999999999999800 ) ) ;
#48 =( CONVERSION_BASED_UNIT ( 'INCH', #283 ) LENGTH_UNIT ( ) NAMED_UNIT ( #678 ) );
#49 = AXIS2_PLACEMENT_3D ( 'NONE', #1179, #135, #952 ) ;
#50 = CARTESIAN_POINT ( 'NONE',  ( -0.1380000000000000100, -0.2000000000000000100, 0.02024499999999998900 ) ) ;
#51 = CARTESIAN_POINT ( 'NONE',  ( -0.01999999999999999000, 0.5999999999999999800, 0.05999999999999999800 ) ) ;
#52 = ADVANCED_FACE ( 'NONE', ( #784, #1369 ), #813, .T. ) ;
#53 = CARTESIAN_POINT ( 'NONE',  ( 0.1380000000000000100, -0.2500000000000000600, 0.008999999999999992400 ) ) ;
#54 = ORIENTED_EDGE ( 'NONE', *, *, #723, .T. ) ;
#55 =( LENGTH_UNIT ( ) NAMED_UNIT ( * ) SI_UNIT ( $, .METRE. ) );
#56 = VERTEX_POINT ( 'NONE', #798 ) ;
#57 = CARTESIAN_POINT ( 'NONE',  ( 0.01999999999999998700, 0.5989999999999999800, 0.05999999999999999800 ) ) ;
#58 = CARTESIAN_POINT ( 'NONE',  ( 0.1380000000000000100, -0.2000000000000000100, -0.008999999999999992400 ) ) ;
#59 = ORIENTED_EDGE ( 'NONE', *, *, #834, .F. ) ;
#60 = LINE ( 'NONE', #1280, #944 ) ;
#61 = DIRECTION ( 'NONE',  ( 0.0000000000000000000, 1.000000000000000000, 0.0000000000000000000 ) ) ;
#62 = DIRECTION ( 'NONE',  ( 0.0000000000000000000, 0.0000000000000000000, -1.000000000000000000 ) ) ;
#63 = CARTESIAN_POINT ( 'NONE',  ( -0.1380000000000000100, -0.2500000000000000600, 0.0000000000000000000 ) ) ;
#64 = LINE ( 'NONE', #1040, #40 ) ;
#65 = SURFACE_STYLE_USAGE ( .BOTH. , #72 ) ;
#66 = AXIS2_PLACEMENT_3D ( 'NONE', #29, #862, #166 ) ;
#67 = CIRCLE ( 'NONE', #493, 0.008999999999999992400 ) ;
#68 = CARTESIAN_POINT ( 'NONE',  ( 0.0000000000000000000, 0.2751968503937007900, -0.1000000000000000100 ) ) ;
#69 = DIRECTION ( 'NONE',  ( 0.0000000000000000000, -1.000000000000000000, 0.0000000000000000000 ) ) ;
#70 = DIRECTION ( 'NONE',  ( 0.0000000000000000000, 0.0000000000000000000, -1.000000000000000000 ) ) ;
#71 = AXIS2_PLACEMENT_3D ( 'NONE', #794, #775, #763 ) ;
#72 = SURFACE_SIDE_STYLE ('',( #345 ) ) ;
#73 = CARTESIAN_POINT ( 'NONE',  ( 0.0000000000000000000, 0.0000000000000000000, 0.0000000000000000000 ) ) ;
#74 = SURFACE_SIDE_STYLE ('',( #1123 ) ) ;
#75 = ORIENTED_EDGE ( 'NONE', *, *, #905, .F. ) ;
#76 = FILL_AREA_STYLE ('',( #249 ) ) ;
#77 = EDGE_CURVE ( 'NONE', #1233, #104, #67, .T. ) ;
#78 = FILL_AREA_STYLE_COLOUR ( '', #183 ) ;
#79 = FILL_AREA_STYLE ('',( #213 ) ) ;
#80 = COLOUR_RGB ( '',1.000000000000000000, 1.000000000000000000, 1.000000000000000000 ) ;
#81 = LINE ( 'NONE', #644, #714 ) ;
#82 = CIRCLE ( 'NONE', #1045, 0.02024499999999998900 ) ;
#83 = LENGTH_MEASURE_WITH_UNIT ( LENGTH_MEASURE( 0.02539999999999999900 ), #309 );
#84 = VECTOR ( 'NONE', #995, 39.37007874015748100 ) ;
#85 = LINE ( 'NONE', #119, #115 ) ;
#86 = PRESENTATION_LAYER_ASSIGNMENT (  '', '', ( #1438 ) ) ;
#87 = APPLICATION_PROTOCOL_DEFINITION ( 'draft international standard', 'automotive_design', 1998, #792 ) ;
#88 = FACE_OUTER_BOUND ( 'NONE', #976, .T. ) ;
#89 = DIRECTION ( 'NONE',  ( 0.0000000000000000000, -1.000000000000000000, 0.0000000000000000000 ) ) ;
#90 = ADVANCED_FACE ( 'NONE', ( #1501 ), #1510, .T. ) ;
#91 = DIRECTION ( 'NONE',  ( -0.0000000000000000000, 1.000000000000000000, -0.0000000000000000000 ) ) ;
#92 = CARTESIAN_POINT ( 'NONE',  ( 0.1380000000000000100, -0.2000000000000000100, 0.0000000000000000000 ) ) ;
#93 = STYLED_ITEM ( 'NONE', ( #454 ), #1157 ) ;
#94 = DIMENSIONAL_EXPONENTS ( 1.000000000000000000, 0.0000000000000000000, 0.0000000000000000000, 0.0000000000000000000, 0.0000000000000000000, 0.0000000000000000000, 0.0000000000000000000 ) ;
#95 = DIRECTION ( 'NONE',  ( -0.0000000000000000000, 1.000000000000000000, -0.0000000000000000000 ) ) ;
#96 = PRESENTATION_LAYER_ASSIGNMENT (  '', '', ( #1450 ) ) ;
#97 = ORIENTED_EDGE ( 'NONE', *, *, #697, .T. ) ;
#98 = DIRECTION ( 'NONE',  ( -0.0000000000000000000, 1.000000000000000000, -0.0000000000000000000 ) ) ;
#99 = ORIENTED_EDGE ( 'NONE', *, *, #1500, .F. ) ;
#100 = LINE ( 'NONE', #184, #84 ) ;
#101 = VECTOR ( 'NONE', #938, 39.37007874015748100 ) ;
#102 = CIRCLE ( 'NONE', #551, 0.06259842519685038200 ) ;
#103 = LINE ( 'NONE', #720, #101 ) ;
#104 = VERTEX_POINT ( 'NONE', #461 ) ;
#105 = VERTEX_POINT ( 'NONE', #457 ) ;
#106 = CARTESIAN_POINT ( 'NONE',  ( 0.01999999999999998700, 0.5989999999999999800, -0.05999999999999999800 ) ) ;
#107 =( GEOMETRIC_REPRESENTATION_CONTEXT ( 3 ) GLOBAL_UNCERTAINTY_ASSIGNED_CONTEXT ( ( #295 ) ) GLOBAL_UNIT_ASSIGNED_CONTEXT ( ( #1459, #1443, #1417 ) ) REPRESENTATION_CONTEXT ( 'NONE', 'WORKASPACE' ) );
#108 = DIRECTION ( 'NONE',  ( 0.0000000000000000000, 0.0000000000000000000, 1.000000000000000000 ) ) ;
#109 = AXIS2_PLACEMENT_3D ( 'NONE', #1296, #592, #1416 ) ;
#110 = VERTEX_POINT ( 'NONE', #1025 ) ;
#111 = DIRECTION ( 'NONE',  ( 0.0000000000000000000, 1.000000000000000000, -0.0000000000000000000 ) ) ;
#112 = EDGE_LOOP ( 'NONE', ( #1451, #1225, #568, #1023 ) ) ;
#113 = EDGE_LOOP ( 'NONE', ( #1367, #682, #1342, #1003 ) ) ;
#114 = LINE ( 'NONE', #882, #1174 ) ;
#115 = VECTOR ( 'NONE', #818, 39.37007874015748100 ) ;
#116 = LINE ( 'NONE', #1224, #1469 ) ;
#117 = ORIENTED_EDGE ( 'NONE', *, *, #1357, .T. ) ;
#118 = MECHANICAL_DESIGN_GEOMETRIC_PRESENTATION_REPRESENTATION (  '', ( #160 ), #107 ) ;
#119 = CARTESIAN_POINT ( 'NONE',  ( -0.1380000000000000100, -0.2000000000000000100, -0.02024499999999998900 ) ) ;
#120 = CIRCLE ( 'NONE', #1093, 0.02024499999999998900 ) ;
#121 = ORIENTED_EDGE ( 'NONE', *, *, #834, .T. ) ;
#122 = EDGE_CURVE ( 'NONE', #643, #977, #548, .T. ) ;
#123 = ORIENTED_EDGE ( 'NONE', *, *, #1052, .F. ) ;
#124 = FACE_BOUND ( 'NONE', #1031, .T. ) ;
#125 = ADVANCED_FACE ( 'NONE', ( #1516 ), #436, .T. ) ;
#126 = PRESENTATION_LAYER_ASSIGNMENT (  '', '', ( #160 ) ) ;
#127 = DIRECTION ( 'NONE',  ( 0.0000000000000000000, 0.0000000000000000000, -1.000000000000000000 ) ) ;
#128 = UNCERTAINTY_MEASURE_WITH_UNIT (LENGTH_MEASURE( 1.000000000000000100E-005 ), #973, 'distance_accuracy_value', 'NONE');
#129 = ADVANCED_FACE ( 'NONE', ( #1494 ), #449, .T. ) ;
#130 = AXIS2_PLACEMENT_3D ( 'NONE', #950, #246, #1054 ) ;
#131 = CARTESIAN_POINT ( 'NONE',  ( 0.0000000000000000000, 0.1499999999999999900, 0.1000000000000000100 ) ) ;
#132 = CARTESIAN_POINT ( 'NONE',  ( 0.3499999999999999800, -2.939152317953647400E-017, 0.1000000000000000100 ) ) ;
#133 = ORIENTED_EDGE ( 'NONE', *, *, #914, .T. ) ;
#134 =( GEOMETRIC_REPRESENTATION_CONTEXT ( 3 ) GLOBAL_UNCERTAINTY_ASSIGNED_CONTEXT ( ( #463 ) ) GLOBAL_UNIT_ASSIGNED_CONTEXT ( ( #675, #669, #661 ) ) REPRESENTATION_CONTEXT ( 'NONE', 'WORKASPACE' ) );
#135 = DIRECTION ( 'NONE',  ( 0.0000000000000000000, -1.000000000000000000, 0.0000000000000000000 ) ) ;
#136 = ORIENTED_EDGE ( 'NONE', *, *, #1394, .T. ) ;
#137 = DIRECTION ( 'NONE',  ( 0.0000000000000000000, 0.0000000000000000000, 1.000000000000000000 ) ) ;
#138 = VECTOR ( 'NONE', #877, 39.37007874015748100 ) ;
#139 = FACE_OUTER_BOUND ( 'NONE', #1387, .T. ) ;
#140 = ORIENTED_EDGE ( 'NONE', *, *, #688, .T. ) ;
#141 = DIRECTION ( 'NONE',  ( -0.0000000000000000000, -1.000000000000000000, 0.0000000000000000000 ) ) ;
#142 = VECTOR ( 'NONE', #414, 39.37007874015748100 ) ;
#143 = DIRECTION ( 'NONE',  ( -0.0000000000000000000, 1.000000000000000000, -0.0000000000000000000 ) ) ;
#144 = PLANE ( 'NONE',  #306 ) ;
#145 = CARTESIAN_POINT ( 'NONE',  ( 0.3499999999999999800, -2.939152317953647400E-017, 0.1000000000000000100 ) ) ;
#146 = AXIS2_PLACEMENT_3D ( 'NONE', #772, #415, #395 ) ;
#147 = DIRECTION ( 'NONE',  ( 0.0000000000000000000, 0.0000000000000000000, -1.000000000000000000 ) ) ;
#148 = ORIENTED_EDGE ( 'NONE', *, *, #1024, .T. ) ;
#149 = EDGE_LOOP ( 'NONE', ( #595, #1189, #1379, #777 ) ) ;
#150 = ORIENTED_EDGE ( 'NONE', *, *, #647, .T. ) ;
#151 =( NAMED_UNIT ( * ) SI_UNIT ( $, .STERADIAN. ) SOLID_ANGLE_UNIT ( ) );
#152 = DIRECTION ( 'NONE',  ( -1.000000000000000000, -0.0000000000000000000, -0.0000000000000000000 ) ) ;
#153 = LINE ( 'NONE', #410, #138 ) ;
#154 = PRESENTATION_STYLE_ASSIGNMENT (( #1019 ) ) ;
#155 =( LENGTH_UNIT ( ) NAMED_UNIT ( * ) SI_UNIT ( $, .METRE. ) );
#156 = CIRCLE ( 'NONE', #1156, 0.02024499999999998500 ) ;
#157 = ORIENTED_EDGE ( 'NONE', *, *, #1383, .T. ) ;
#158 = CARTESIAN_POINT ( 'NONE',  ( 0.1399999999999999900, 0.5999999999999999800, -0.05999999999999999800 ) ) ;
#159 = VECTOR ( 'NONE', #991, 39.37007874015748100 ) ;
#160 = STYLED_ITEM ( 'NONE', ( #1120 ), #502 ) ;
#161 = VERTEX_POINT ( 'NONE', #339 ) ;
#162 = VECTOR ( 'NONE', #1222, 39.37007874015748100 ) ;
#163 = CARTESIAN_POINT ( 'NONE',  ( 0.1380000000000000100, -0.2000000000000000100, 0.0000000000000000000 ) ) ;
#164 = UNCERTAINTY_MEASURE_WITH_UNIT (LENGTH_MEASURE( 1.000000000000000100E-005 ), #20, 'distance_accuracy_value', 'NONE');
#165 = DIRECTION ( 'NONE',  ( 1.000000000000000000, 0.0000000000000000000, 0.0000000000000000000 ) ) ;
#166 = DIRECTION ( 'NONE',  ( -1.000000000000000000, 0.0000000000000000000, -0.0000000000000000000 ) ) ;
#167 = PRESENTATION_LAYER_ASSIGNMENT (  '', '', ( #3 ) ) ;
#168 = DIRECTION ( 'NONE',  ( 0.0000000000000000000, -1.000000000000000000, 0.0000000000000000000 ) ) ;
#169 =( NAMED_UNIT ( * ) PLANE_ANGLE_UNIT ( ) SI_UNIT ( $, .RADIAN. ) );
#170 = CARTESIAN_POINT ( 'NONE',  ( -0.2380000000000000200, -0.2500000000000000600, -0.008999999999999992400 ) ) ;
#171 = UNCERTAINTY_MEASURE_WITH_UNIT (LENGTH_MEASURE( 1.000000000000000100E-005 ), #704, 'distance_accuracy_value', 'NONE');
#172 = DIRECTION ( 'NONE',  ( 0.0000000000000000000, 0.0000000000000000000, 1.000000000000000000 ) ) ;
#173 = ORIENTED_EDGE ( 'NONE', *, *, #433, .T. ) ;
#174 = CARTESIAN_POINT ( 'NONE',  ( 0.0000000000000000000, 0.1499999999999999900, 0.1000000000000000100 ) ) ;
#175 = CARTESIAN_POINT ( 'NONE',  ( 0.1850000000000000000, 0.5999999999999999800, 0.1000000000000000100 ) ) ;
#176 = ORIENTED_EDGE ( 'NONE', *, *, #1480, .F. ) ;
#177 = DIRECTION ( 'NONE',  ( -0.0000000000000000000, 1.000000000000000000, -0.0000000000000000000 ) ) ;
#178 = EDGE_LOOP ( 'NONE', ( #1191, #1497, #866, #133 ) ) ;
#179 = MECHANICAL_DESIGN_GEOMETRIC_PRESENTATION_REPRESENTATION (  '', ( #1450 ), #251 ) ;
#180 = ADVANCED_FACE ( 'NONE', ( #1498 ), #1447, .T. ) ;
#181 = FACE_OUTER_BOUND ( 'NONE', #897, .T. ) ;
#182 = CYLINDRICAL_SURFACE ( 'NONE', #1196, 0.008999999999999992400 ) ;
#183 = COLOUR_RGB ( '',0.5019607843137254800, 0.5019607843137254800, 0.5019607843137254800 ) ;
#184 = CARTESIAN_POINT ( 'NONE',  ( -0.1850000000000000000, 0.5999999999999999800, -0.1000000000000000100 ) ) ;
#185 = ORIENTED_EDGE ( 'NONE', *, *, #914, .F. ) ;
#186 = FILL_AREA_STYLE_COLOUR ( '', #762 ) ;
#187 = CIRCLE ( 'NONE', #1198, 0.02024500000000002000 ) ;
#188 = CARTESIAN_POINT ( 'NONE',  ( -0.1380000000000000100, -0.2000000000000000100, -0.008999999999999992400 ) ) ;
#189 = AXIS2_PLACEMENT_3D ( 'NONE', #1012, #843, #1058 ) ;
#190 = FILL_AREA_STYLE_COLOUR ( '', #783 ) ;
#191 = CARTESIAN_POINT ( 'NONE',  ( -0.01999999999999998700, 0.5999999999999999800, -0.05999999999999999800 ) ) ;
#192 = CARTESIAN_POINT ( 'NONE',  ( 0.1380000000000000100, -0.2000000000000000100, 0.0000000000000000000 ) ) ;
#193 = DIRECTION ( 'NONE',  ( 0.0000000000000000000, 0.0000000000000000000, -1.000000000000000000 ) ) ;
#194 = DIRECTION ( 'NONE',  ( -1.000000000000000000, 0.0000000000000000000, 0.0000000000000000000 ) ) ;
#195 = AXIS2_PLACEMENT_3D ( 'NONE', #992, #1015, #1021 ) ;
#196 = CARTESIAN_POINT ( 'NONE',  ( 0.1380000000000000100, -0.2000000000000000100, 0.02024499999999998500 ) ) ;
#197 = VERTEX_POINT ( 'NONE', #224 ) ;
#198 = ORIENTED_EDGE ( 'NONE', *, *, #791, .T. ) ;
#199 = CARTESIAN_POINT ( 'NONE',  ( 0.0000000000000000000, 0.1499999999999999900, -0.1000000000000000100 ) ) ;
#200 = ORIENTED_EDGE ( 'NONE', *, *, #672, .F. ) ;
#201 = FACE_OUTER_BOUND ( 'NONE', #240, .T. ) ;
#202 = LINE ( 'NONE', #297, #142 ) ;
#203 = DIRECTION ( 'NONE',  ( 0.3813309229528950000, 0.9244386010979275300, 0.0000000000000000000 ) ) ;
#204 = CARTESIAN_POINT ( 'NONE',  ( -0.06259842519685038200, 0.2751968503937007900, -0.1000000000000000100 ) ) ;
#205 = LINE ( 'NONE', #1110, #162 ) ;
#206 = EDGE_LOOP ( 'NONE', ( #1167, #632, #296, #1001 ) ) ;
#207 = AXIS2_PLACEMENT_3D ( 'NONE', #73, #1371, #667 ) ;
#208 = EDGE_LOOP ( 'NONE', ( #1273, #1098 ) ) ;
#209 = SURFACE_SIDE_STYLE ('',( #1410 ) ) ;
#210 = CARTESIAN_POINT ( 'NONE',  ( -0.1399999999999999900, 0.5989999999999999800, 0.05999999999999999800 ) ) ;
#211 = EDGE_CURVE ( 'NONE', #939, #643, #1468, .T. ) ;
#212 = ADVANCED_FACE ( 'NONE', ( #1428, #1471, #1493, #1444, #1426 ), #278, .F. ) ;
#213 = FILL_AREA_STYLE_COLOUR ( '', #1104 ) ;
#214 = AXIS2_PLACEMENT_3D ( 'NONE', #1136, #1090, #907 ) ;
#215 = EDGE_LOOP ( 'NONE', ( #340, #1236, #1205, #555 ) ) ;
#216 = CARTESIAN_POINT ( 'NONE',  ( -0.1399999999999999900, 0.5989999999999999800, -0.05999999999999999800 ) ) ;
#217 = DIRECTION ( 'NONE',  ( 0.0000000000000000000, -1.000000000000000000, 0.0000000000000000000 ) ) ;
#218 = EDGE_LOOP ( 'NONE', ( #136, #225, #1056, #344 ) ) ;
#219 = CIRCLE ( 'NONE', #1257, 0.02024499999999998500 ) ;
#220 = ORIENTED_EDGE ( 'NONE', *, *, #571, .T. ) ;
#221 = LENGTH_MEASURE_WITH_UNIT ( LENGTH_MEASURE( 0.02539999999999999900 ), #39 );
#222 = FACE_OUTER_BOUND ( 'NONE', #1512, .T. ) ;
#223 =( GEOMETRIC_REPRESENTATION_CONTEXT ( 3 ) GLOBAL_UNCERTAINTY_ASSIGNED_CONTEXT ( ( #171 ) ) GLOBAL_UNIT_ASSIGNED_CONTEXT ( ( #704, #1515, #829 ) ) REPRESENTATION_CONTEXT ( 'NONE', 'WORKASPACE' ) );
#224 = CARTESIAN_POINT ( 'NONE',  ( -0.1380000000000000100, -3.414809992080329000E-017, 0.02024499999999998900 ) ) ;
#225 = ORIENTED_EDGE ( 'NONE', *, *, #743, .F. ) ;
#226 = DIMENSIONAL_EXPONENTS ( 1.000000000000000000, 0.0000000000000000000, 0.0000000000000000000, 0.0000000000000000000, 0.0000000000000000000, 0.0000000000000000000, 0.0000000000000000000 ) ;
#227 = CARTESIAN_POINT ( 'NONE',  ( -0.01999999999999998700, 0.5989999999999999800, -0.05999999999999999800 ) ) ;
#228 = AXIS2_PLACEMENT_3D ( 'NONE', #1088, #1211, #503 ) ;
#229 = ORIENTED_EDGE ( 'NONE', *, *, #616, .F. ) ;
#230 = EDGE_LOOP ( 'NONE', ( #1412, #994, #913, #173 ) ) ;
#231 = AXIS2_PLACEMENT_3D ( 'NONE', #679, #655, #474 ) ;
#232 = PRESENTATION_STYLE_ASSIGNMENT (( #745 ) ) ;
#233 = ORIENTED_EDGE ( 'NONE', *, *, #1186, .F. ) ;
#234 = VERTEX_POINT ( 'NONE', #106 ) ;
#235 = PLANE ( 'NONE',  #975 ) ;
#236 = CARTESIAN_POINT ( 'NONE',  ( 0.1399999999999999900, 0.5989999999999999800, 0.05999999999999999800 ) ) ;
#237 = PLANE ( 'NONE',  #1238 ) ;
#238 = MECHANICAL_DESIGN_GEOMETRIC_PRESENTATION_REPRESENTATION (  '', ( #287 ), #223 ) ;
#239 = SURFACE_STYLE_FILL_AREA ( #1436 ) ;
#240 = EDGE_LOOP ( 'NONE', ( #544, #248, #311, #847 ) ) ;
#241 = VECTOR ( 'NONE', #369, 39.37007874015748100 ) ;
#242 = ORIENTED_EDGE ( 'NONE', *, *, #1305, .T. ) ;
#243 = ADVANCED_FACE ( 'NONE', ( #1188 ), #144, .F. ) ;
#244 = EDGE_LOOP ( 'NONE', ( #795, #1406, #807, #242 ) ) ;
#245 = VECTOR ( 'NONE', #284, 39.37007874015748100 ) ;
#246 = DIRECTION ( 'NONE',  ( 1.000000000000000000, 0.0000000000000000000, -0.0000000000000000000 ) ) ;
#247 = CARTESIAN_POINT ( 'NONE',  ( 0.1380000000000000100, -0.2500000000000000600, 0.0000000000000000000 ) ) ;
#248 = ORIENTED_EDGE ( 'NONE', *, *, #805, .T. ) ;
#249 = FILL_AREA_STYLE_COLOUR ( '', #326 ) ;
#250 = DIRECTION ( 'NONE',  ( 0.0000000000000000000, 0.0000000000000000000, -1.000000000000000000 ) ) ;
#251 =( GEOMETRIC_REPRESENTATION_CONTEXT ( 3 ) GLOBAL_UNCERTAINTY_ASSIGNED_CONTEXT ( ( #1377 ) ) GLOBAL_UNIT_ASSIGNED_CONTEXT ( ( #867, #169, #987 ) ) REPRESENTATION_CONTEXT ( 'NONE', 'WORKASPACE' ) );
#252 = CARTESIAN_POINT ( 'NONE',  ( -0.1400000000000000100, 0.5999999999999999800, 0.05999999999999999800 ) ) ;
#253 = AXIS2_PLACEMENT_3D ( 'NONE', #1256, #1213, #1202 ) ;
#254 = DIRECTION ( 'NONE',  ( 0.0000000000000000000, -1.000000000000000000, 0.0000000000000000000 ) ) ;
#255 = DIRECTION ( 'NONE',  ( -0.0000000000000000000, 1.000000000000000000, -0.0000000000000000000 ) ) ;
#256 = DIRECTION ( 'NONE',  ( 0.0000000000000000000, -1.000000000000000000, 0.0000000000000000000 ) ) ;
#257 = EDGE_LOOP ( 'NONE', ( #729, #331, #200, #869 ) ) ;
#258 = CARTESIAN_POINT ( 'NONE',  ( 0.3499999999999999800, 0.1999999999999999800, 0.1000000000000000100 ) ) ;
#259 = FACE_OUTER_BOUND ( 'NONE', #257, .T. ) ;
#260 = ORIENTED_EDGE ( 'NONE', *, *, #1244, .F. ) ;
#261 = VECTOR ( 'NONE', #868, 39.37007874015748100 ) ;
#262 = ORIENTED_EDGE ( 'NONE', *, *, #1016, .T. ) ;
#263 = CARTESIAN_POINT ( 'NONE',  ( 0.1850000000000000000, 0.5999999999999999800, 0.1000000000000000100 ) ) ;
#264 = PRESENTATION_LAYER_ASSIGNMENT (  '', '', ( #287 ) ) ;
#265 = CARTESIAN_POINT ( 'NONE',  ( -0.1399999999999999900, 0.5989999999999999800, 0.05999999999999999800 ) ) ;
#266 = PRODUCT_DEFINITION ( 'UNKNOWN', '', #335, #1151 ) ;
#267 =( NAMED_UNIT ( * ) PLANE_ANGLE_UNIT ( ) SI_UNIT ( $, .RADIAN. ) );
#268 = AXIS2_PLACEMENT_3D ( 'NONE', #1366, #1356, #1351 ) ;
#269 = DIRECTION ( 'NONE',  ( 0.0000000000000000000, 0.0000000000000000000, -1.000000000000000000 ) ) ;
#270 = EDGE_CURVE ( 'NONE', #939, #735, #1324, .T. ) ;
#271 = CARTESIAN_POINT ( 'NONE',  ( 0.2380000000000000200, -0.2500000000000000600, 0.0000000000000000000 ) ) ;
#272 = CARTESIAN_POINT ( 'NONE',  ( 0.06259842519685038200, 0.2751968503937007900, 0.1000000000000000100 ) ) ;
#273 = VERTEX_POINT ( 'NONE', #1333 ) ;
#274 = CARTESIAN_POINT ( 'NONE',  ( 0.01999999999999998700, 0.5999999999999999800, -0.05999999999999999800 ) ) ;
#275 = ORIENTED_EDGE ( 'NONE', *, *, #1137, .T. ) ;
#276 = EDGE_LOOP ( 'NONE', ( #403, #1070, #375, #687 ) ) ;
#277 = DIRECTION ( 'NONE',  ( -0.0000000000000000000, 1.000000000000000000, -0.0000000000000000000 ) ) ;
#278 = PLANE ( 'NONE',  #370 ) ;
#279 = LINE ( 'NONE', #750, #943 ) ;
#280 = VERTEX_POINT ( 'NONE', #1378 ) ;
#281 = EDGE_LOOP ( 'NONE', ( #1249, #572, #1124, #1361 ) ) ;
#282 = LINE ( 'NONE', #272, #824 ) ;
#283 = LENGTH_MEASURE_WITH_UNIT ( LENGTH_MEASURE( 0.02539999999999999900 ), #55 );
#284 = DIRECTION ( 'NONE',  ( 1.000000000000000000, -0.0000000000000000000, -0.0000000000000000000 ) ) ;
#285 = DIRECTION ( 'NONE',  ( 1.000000000000000000, 0.0000000000000000000, 0.0000000000000000000 ) ) ;
#286 = ADVANCED_FACE ( 'NONE', ( #1300 ), #1264, .T. ) ;
#287 = STYLED_ITEM ( 'NONE', ( #1089 ), #1049 ) ;
#288 = CARTESIAN_POINT ( 'NONE',  ( 0.1380000000000000100, -0.2500000000000000600, -0.008999999999999992400 ) ) ;
#289 = ADVANCED_BREP_SHAPE_REPRESENTATION ( 'OPB741WZ', ( #1157, #207 ), #776 ) ;
#290 = AXIS2_PLACEMENT_3D ( 'NONE', #635, #1209, #749 ) ;
#291 = DIRECTION ( 'NONE',  ( -0.0000000000000000000, -0.0000000000000000000, -1.000000000000000000 ) ) ;
#292 = FILL_AREA_STYLE ('',( #186 ) ) ;
#293 = ORIENTED_EDGE ( 'NONE', *, *, #805, .F. ) ;
#294 = DIRECTION ( 'NONE',  ( -0.0000000000000000000, -1.000000000000000000, -0.0000000000000000000 ) ) ;
#295 = UNCERTAINTY_MEASURE_WITH_UNIT (LENGTH_MEASURE( 1.000000000000000100E-005 ), #1459, 'distance_accuracy_value', 'NONE');
#296 = ORIENTED_EDGE ( 'NONE', *, *, #676, .T. ) ;
#297 = CARTESIAN_POINT ( 'NONE',  ( 0.1399999999999999900, 0.5989999999999999800, -0.05999999999999999800 ) ) ;
#298 = PRODUCT ( 'OPB741WZ', 'OPB741WZ', '', ( #1481 ) ) ;
#299 = ORIENTED_EDGE ( 'NONE', *, *, #1292, .F. ) ;
#300 = STYLED_ITEM ( 'NONE', ( #364 ), #1456 ) ;
#301 = CIRCLE ( 'NONE', #1289, 0.008999999999999992400 ) ;
#302 = LENGTH_MEASURE_WITH_UNIT ( LENGTH_MEASURE( 0.02539999999999999900 ), #1221 );
#303 = DIRECTION ( 'NONE',  ( 0.0000000000000000000, -1.000000000000000000, 0.0000000000000000000 ) ) ;
#304 = ORIENTED_EDGE ( 'NONE', *, *, #893, .T. ) ;
#305 = VERTEX_POINT ( 'NONE', #1291 ) ;
#306 = AXIS2_PLACEMENT_3D ( 'NONE', #1413, #1373, #1243 ) ;
#307 = DIRECTION ( 'NONE',  ( 1.000000000000000000, 0.0000000000000000000, 0.0000000000000000000 ) ) ;
#308 = CARTESIAN_POINT ( 'NONE',  ( -0.1380000000000000100, -0.2000000000000000100, 0.008999999999999992400 ) ) ;
#309 =( LENGTH_UNIT ( ) NAMED_UNIT ( * ) SI_UNIT ( $, .METRE. ) );
#310 = DIRECTION ( 'NONE',  ( -0.0000000000000000000, 1.000000000000000000, -0.0000000000000000000 ) ) ;
#311 = ORIENTED_EDGE ( 'NONE', *, *, #809, .T. ) ;
#312 = VERTEX_POINT ( 'NONE', #1240 ) ;
#313 = ADVANCED_FACE ( 'NONE', ( #1278, #1281, #1254 ), #1217, .F. ) ;
#314 = PRESENTATION_STYLE_ASSIGNMENT (( #1431 ) ) ;
#315 = VERTEX_POINT ( 'NONE', #1231 ) ;
#316 = ORIENTED_EDGE ( 'NONE', *, *, #688, .F. ) ;
#317 = AXIS2_PLACEMENT_3D ( 'NONE', #1341, #637, #1452 ) ;
#318 = EDGE_LOOP ( 'NONE', ( #1461, #808, #54, #1282 ) ) ;
#319 = ORIENTED_EDGE ( 'NONE', *, *, #1193, .T. ) ;
#320 = DIRECTION ( 'NONE',  ( -2.045664476387744000E-016, -1.000000000000000000, 0.0000000000000000000 ) ) ;
#321 = DIMENSIONAL_EXPONENTS ( 1.000000000000000000, 0.0000000000000000000, 0.0000000000000000000, 0.0000000000000000000, 0.0000000000000000000, 0.0000000000000000000, 0.0000000000000000000 ) ;
#322 = CARTESIAN_POINT ( 'NONE',  ( -0.2380000000000000200, -0.2500000000000000600, 0.0000000000000000000 ) ) ;
#323 = ORIENTED_EDGE ( 'NONE', *, *, #534, .F. ) ;
#324 = EDGE_LOOP ( 'NONE', ( #59, #691, #1388, #1116 ) ) ;
#325 = EDGE_LOOP ( 'NONE', ( #936, #1223, #556, #1077 ) ) ;
#326 = COLOUR_RGB ( '',1.000000000000000000, 1.000000000000000000, 1.000000000000000000 ) ;
#327 = SHAPE_DEFINITION_REPRESENTATION ( #1094, #289 ) ;
#328 = DIRECTION ( 'NONE',  ( -1.000000000000000000, 2.045664476387744000E-016, 0.0000000000000000000 ) ) ;
#329 = VECTOR ( 'NONE', #442, 39.37007874015748100 ) ;
#330 = VERTEX_POINT ( 'NONE', #1111 ) ;
#331 = ORIENTED_EDGE ( 'NONE', *, *, #571, .F. ) ;
#332 =( GEOMETRIC_REPRESENTATION_CONTEXT ( 3 ) GLOBAL_UNCERTAINTY_ASSIGNED_CONTEXT ( ( #1008 ) ) GLOBAL_UNIT_ASSIGNED_CONTEXT ( ( #1476, #1465, #1454 ) ) REPRESENTATION_CONTEXT ( 'NONE', 'WORKASPACE' ) );
#333 = DIRECTION ( 'NONE',  ( 0.0000000000000000000, 0.0000000000000000000, 1.000000000000000000 ) ) ;
#334 = AXIS2_PLACEMENT_3D ( 'NONE', #37, #277, #1085 ) ;
#335 = PRODUCT_DEFINITION_FORMATION_WITH_SPECIFIED_SOURCE ( 'ANY', '', #298, .NOT_KNOWN. ) ;
#336 = VERTEX_POINT ( 'NONE', #1180 ) ;
#337 = ORIENTED_EDGE ( 'NONE', *, *, #1362, .F. ) ;
#338 = MECHANICAL_DESIGN_GEOMETRIC_PRESENTATION_REPRESENTATION (  '', ( #435 ), #332 ) ;
#339 = CARTESIAN_POINT ( 'NONE',  ( -0.2380000000000000200, -3.414809992080329000E-017, -0.02024500000000002000 ) ) ;
#340 = ORIENTED_EDGE ( 'NONE', *, *, #1435, .T. ) ;
#341 = EDGE_CURVE ( 'NONE', #846, #939, #1250, .T. ) ;
#342 = VECTOR ( 'NONE', #353, 39.37007874015748100 ) ;
#343 = CYLINDRICAL_SURFACE ( 'NONE', #1013, 0.02024499999999998500 ) ;
#344 = ORIENTED_EDGE ( 'NONE', *, *, #916, .T. ) ;
#345 = SURFACE_STYLE_FILL_AREA ( #76 ) ;
#346 = ORIENTED_EDGE ( 'NONE', *, *, #1398, .F. ) ;
#347 = DIRECTION ( 'NONE',  ( 0.0000000000000000000, -1.000000000000000000, 0.0000000000000000000 ) ) ;
#348 = DIRECTION ( 'NONE',  ( 0.0000000000000000000, -0.0000000000000000000, -1.000000000000000000 ) ) ;
#349 = PRESENTATION_STYLE_ASSIGNMENT (( #65 ) ) ;
#350 = ADVANCED_FACE ( 'NONE', ( #1268 ), #1107, .F. ) ;
#351 = CARTESIAN_POINT ( 'NONE',  ( -0.1380000000000000100, -0.2500000000000000600, 0.008999999999999992400 ) ) ;
#352 = PRESENTATION_LAYER_ASSIGNMENT (  '', '', ( #435 ) ) ;
#353 = DIRECTION ( 'NONE',  ( -0.0000000000000000000, 1.000000000000000000, -0.0000000000000000000 ) ) ;
#354 = CARTESIAN_POINT ( 'NONE',  ( -0.2380000000000000200, -0.2000000000000000100, -0.02024500000000002000 ) ) ;
#355 = UNCERTAINTY_MEASURE_WITH_UNIT (LENGTH_MEASURE( 1.000000000000000100E-005 ), #1374, 'distance_accuracy_value', 'NONE');
#356 = DIRECTION ( 'NONE',  ( 0.0000000000000000000, -1.000000000000000000, 0.0000000000000000000 ) ) ;
#357 = DIRECTION ( 'NONE',  ( -0.3813309229528950600, -0.9244386010979275300, -0.0000000000000000000 ) ) ;
#358 = DIRECTION ( 'NONE',  ( -0.0000000000000000000, 1.000000000000000000, -0.0000000000000000000 ) ) ;
#359 = AXIS2_PLACEMENT_3D ( 'NONE', #44, #875, #172 ) ;
#360 = AXIS2_PLACEMENT_3D ( 'NONE', #642, #1457, #767 ) ;
#361 = DIRECTION ( 'NONE',  ( 0.0000000000000000000, -0.0000000000000000000, -1.000000000000000000 ) ) ;
#362 = ORIENTED_EDGE ( 'NONE', *, *, #594, .T. ) ;
#363 = LINE ( 'NONE', #835, #342 ) ;
#364 = PRESENTATION_STYLE_ASSIGNMENT (( #404 ) ) ;
#365 = LENGTH_MEASURE_WITH_UNIT ( LENGTH_MEASURE( 0.02539999999999999900 ), #1479 );
#366 = ORIENTED_EDGE ( 'NONE', *, *, #1163, .T. ) ;
#367 = CARTESIAN_POINT ( 'NONE',  ( -0.01999999999999998700, 0.5989999999999999800, -0.05999999999999999800 ) ) ;
#368 = AXIS2_PLACEMENT_3D ( 'NONE', #394, #1344, #640 ) ;
#369 = DIRECTION ( 'NONE',  ( 0.0000000000000000000, 0.0000000000000000000, 1.000000000000000000 ) ) ;
#370 = AXIS2_PLACEMENT_3D ( 'NONE', #132, #111, #108 ) ;
#371 = CARTESIAN_POINT ( 'NONE',  ( 0.1380000000000000100, -0.2000000000000000100, 0.0000000000000000000 ) ) ;
#372 = DIRECTION ( 'NONE',  ( -1.000000000000000000, 0.0000000000000000000, 0.0000000000000000000 ) ) ;
#373 = DIRECTION ( 'NONE',  ( 1.000000000000000000, 0.0000000000000000000, 0.0000000000000000000 ) ) ;
#374 = SURFACE_SIDE_STYLE ('',( #1159 ) ) ;
#375 = ORIENTED_EDGE ( 'NONE', *, *, #495, .F. ) ;
#376 = AXIS2_PLACEMENT_3D ( 'NONE', #271, #98, #333 ) ;
#377 = VECTOR ( 'NONE', #845, 39.37007874015748900 ) ;
#378 = VECTOR ( 'NONE', #825, 39.37007874015748100 ) ;
#379 = FACE_OUTER_BOUND ( 'NONE', #1153, .T. ) ;
#380 = ORIENTED_EDGE ( 'NONE', *, *, #1076, .F. ) ;
#381 = LINE ( 'NONE', #774, #1364 ) ;
#382 = DIRECTION ( 'NONE',  ( 1.000000000000000000, -0.0000000000000000000, -0.0000000000000000000 ) ) ;
#383 = CARTESIAN_POINT ( 'NONE',  ( 0.1399999999999999900, 0.5999999999999999800, -0.05999999999999999800 ) ) ;
#384 = FACE_OUTER_BOUND ( 'NONE', #215, .T. ) ;
#385 = AXIS2_PLACEMENT_3D ( 'NONE', #92, #89, #70 ) ;
#386 = DIRECTION ( 'NONE',  ( 0.0000000000000000000, -1.000000000000000000, 0.0000000000000000000 ) ) ;
#387 = AXIS2_PLACEMENT_3D ( 'NONE', #864, #168, #985 ) ;
#388 = CARTESIAN_POINT ( 'NONE',  ( 0.1399999999999999900, 0.5989999999999999800, -0.05999999999999999800 ) ) ;
#389 = DIRECTION ( 'NONE',  ( 0.0000000000000000000, 0.0000000000000000000, 1.000000000000000000 ) ) ;
#390 = CARTESIAN_POINT ( 'NONE',  ( 0.1380000000000000100, -3.414809992080329000E-017, 0.0000000000000000000 ) ) ;
#391 = ADVANCED_FACE ( 'NONE', ( #1204 ), #1175, .T. ) ;
#392 = DIRECTION ( 'NONE',  ( 1.000000000000000000, -0.0000000000000000000, -0.0000000000000000000 ) ) ;
#393 = CARTESIAN_POINT ( 'NONE',  ( -0.1380000000000000100, -0.2000000000000000100, 0.0000000000000000000 ) ) ;
#394 = CARTESIAN_POINT ( 'NONE',  ( -0.2380000000000000200, -0.2000000000000000100, 0.0000000000000000000 ) ) ;
#395 = DIRECTION ( 'NONE',  ( -1.000000000000000000, 0.0000000000000000000, -0.0000000000000000000 ) ) ;
#396 = AXIS2_PLACEMENT_3D ( 'NONE', #174, #990, #285 ) ;
#397 = ORIENTED_EDGE ( 'NONE', *, *, #1334, .F. ) ;
#398 = CARTESIAN_POINT ( 'NONE',  ( 0.2380000000000000200, -0.2000000000000000100, 0.008999999999999992400 ) ) ;
#399 = VERTEX_POINT ( 'NONE', #1000 ) ;
#400 = ADVANCED_FACE ( 'NONE', ( #1232 ), #1149, .T. ) ;
#401 = LENGTH_MEASURE_WITH_UNIT ( LENGTH_MEASURE( 0.02539999999999999900 ), #155 );
#402 = CIRCLE ( 'NONE', #1411, 0.008999999999999992400 ) ;
#403 = ORIENTED_EDGE ( 'NONE', *, *, #1419, .T. ) ;
#404 = SURFACE_STYLE_USAGE ( .BOTH. , #1106 ) ;
#405 = VECTOR ( 'NONE', #1010, 39.37007874015748100 ) ;
#406 = CIRCLE ( 'NONE', #1370, 0.02024500000000002000 ) ;
#407 = VERTEX_POINT ( 'NONE', #718 ) ;
#408 = ORIENTED_EDGE ( 'NONE', *, *, #1271, .F. ) ;
#409 = DIRECTION ( 'NONE',  ( -0.0000000000000000000, 1.000000000000000000, -0.0000000000000000000 ) ) ;
#410 = CARTESIAN_POINT ( 'NONE',  ( 0.1380000000000000100, -0.2000000000000000100, -0.02024499999999998500 ) ) ;
#411 = CARTESIAN_POINT ( 'NONE',  ( -0.1380000000000000100, -0.2000000000000000100, 0.0000000000000000000 ) ) ;
#412 = AXIS2_PLACEMENT_3D ( 'NONE', #547, #328, #320 ) ;
#413 = DIRECTION ( 'NONE',  ( -0.0000000000000000000, 1.000000000000000000, -0.0000000000000000000 ) ) ;
#414 = DIRECTION ( 'NONE',  ( -0.0000000000000000000, 1.000000000000000000, -0.0000000000000000000 ) ) ;
#415 = DIRECTION ( 'NONE',  ( 0.0000000000000000000, 0.0000000000000000000, -1.000000000000000000 ) ) ;
#416 = DIRECTION ( 'NONE',  ( -0.0000000000000000000, -0.0000000000000000000, -1.000000000000000000 ) ) ;
#417 = DIRECTION ( 'NONE',  ( 0.0000000000000000000, 0.0000000000000000000, -1.000000000000000000 ) ) ;
#418 = AXIS2_PLACEMENT_3D ( 'NONE', #1199, #494, #1329 ) ;
#419 =( CONVERSION_BASED_UNIT ( 'INCH', #1427 ) LENGTH_UNIT ( ) NAMED_UNIT ( #1026 ) );
#420 = EDGE_LOOP ( 'NONE', ( #787, #426 ) ) ;
#421 = DIRECTION ( 'NONE',  ( 0.0000000000000000000, 0.0000000000000000000, -1.000000000000000000 ) ) ;
#422 = ORIENTED_EDGE ( 'NONE', *, *, #1137, .F. ) ;
#423 = PRODUCT_RELATED_PRODUCT_CATEGORY ( 'part', '', ( #298 ) ) ;
#424 = LINE ( 'NONE', #1046, #378 ) ;
#425 = VECTOR ( 'NONE', #1354, 39.37007874015748100 ) ;
#426 = ORIENTED_EDGE ( 'NONE', *, *, #566, .F. ) ;
#427 = EDGE_LOOP ( 'NONE', ( #757, #1392 ) ) ;
#428 = LINE ( 'NONE', #1109, #425 ) ;
#429 =( NAMED_UNIT ( * ) PLANE_ANGLE_UNIT ( ) SI_UNIT ( $, .RADIAN. ) );
#430 = ORIENTED_EDGE ( 'NONE', *, *, #584, .F. ) ;
#431 = DIRECTION ( 'NONE',  ( 0.0000000000000000000, -1.000000000000000000, 0.0000000000000000000 ) ) ;
#432 = EDGE_CURVE ( 'NONE', #1393, #26, #1172, .T. ) ;
#433 = EDGE_CURVE ( 'NONE', #846, #782, #1235, .T. ) ;
#434 = CARTESIAN_POINT ( 'NONE',  ( -0.1380000000000000100, -0.2000000000000000100, 0.0000000000000000000 ) ) ;
#435 = STYLED_ITEM ( 'NONE', ( #1228 ), #243 ) ;
#436 = PLANE ( 'NONE',  #448 ) ;
#437 = PLANE ( 'NONE',  #146 ) ;
#438 = COLOUR_RGB ( '',0.5019607843137254800, 0.5019607843137254800, 0.5019607843137254800 ) ;
#439 = ORIENTED_EDGE ( 'NONE', *, *, #986, .T. ) ;
#440 = ORIENTED_EDGE ( 'NONE', *, *, #964, .F. ) ;
#441 = MECHANICAL_DESIGN_GEOMETRIC_PRESENTATION_REPRESENTATION (  '', ( #3 ), #134 ) ;
#442 = DIRECTION ( 'NONE',  ( -0.0000000000000000000, 1.000000000000000000, -0.0000000000000000000 ) ) ;
#443 = DIMENSIONAL_EXPONENTS ( 1.000000000000000000, 0.0000000000000000000, 0.0000000000000000000, 0.0000000000000000000, 0.0000000000000000000, 0.0000000000000000000, 0.0000000000000000000 ) ;
#444 = PLANE ( 'NONE',  #42 ) ;
#445 = LINE ( 'NONE', #1347, #752 ) ;
#446 = AXIS2_PLACEMENT_3D ( 'NONE', #265, #1078, #373 ) ;
#447 = VERTEX_POINT ( 'NONE', #497 ) ;
#448 = AXIS2_PLACEMENT_3D ( 'NONE', #490, #356, #348 ) ;
#449 = PLANE ( 'NONE',  #412 ) ;
#450 = PRESENTATION_LAYER_ASSIGNMENT (  '', '', ( #300 ) ) ;
#451 = AXIS2_PLACEMENT_3D ( 'NONE', #621, #587, #569 ) ;
#452 = CARTESIAN_POINT ( 'NONE',  ( -0.1399999999999999900, 0.5989999999999999800, -0.05999999999999999800 ) ) ;
#453 = ORIENTED_EDGE ( 'NONE', *, *, #1218, .F. ) ;
#454 = PRESENTATION_STYLE_ASSIGNMENT (( #859 ) ) ;
#455 = LINE ( 'NONE', #1005, #459 ) ;
#456 = EDGE_LOOP ( 'NONE', ( #930, #140 ) ) ;
#457 = CARTESIAN_POINT ( 'NONE',  ( 0.06259842519685036900, 0.1499999999999999900, -0.1000000000000000100 ) ) ;
#458 = ORIENTED_EDGE ( 'NONE', *, *, #929, .T. ) ;
#459 = VECTOR ( 'NONE', #409, 39.37007874015748100 ) ;
#460 = CARTESIAN_POINT ( 'NONE',  ( -0.1380000000000000100, -0.2500000000000000600, 0.0000000000000000000 ) ) ;
#461 = CARTESIAN_POINT ( 'NONE',  ( -0.1380000000000000100, -0.2500000000000000600, -0.008999999999999992400 ) ) ;
#462 = ADVANCED_FACE ( 'NONE', ( #1190, #1212 ), #437, .T. ) ;
#463 = UNCERTAINTY_MEASURE_WITH_UNIT (LENGTH_MEASURE( 1.000000000000000100E-005 ), #675, 'distance_accuracy_value', 'NONE');
#464 = AXIS2_PLACEMENT_3D ( 'NONE', #434, #431, #421 ) ;
#465 = FILL_AREA_STYLE ('',( #190 ) ) ;
#466 = PLANE ( 'NONE',  #1027 ) ;
#467 = CARTESIAN_POINT ( 'NONE',  ( -0.2380000000000000200, -0.2000000000000000100, 0.0000000000000000000 ) ) ;
#468 = DIRECTION ( 'NONE',  ( -0.0000000000000000000, 1.000000000000000000, -0.0000000000000000000 ) ) ;
#469 = FACE_OUTER_BOUND ( 'NONE', #427, .T. ) ;
#470 = LENGTH_MEASURE_WITH_UNIT ( LENGTH_MEASURE( 0.02539999999999999900 ), #1414 );
#471 = LINE ( 'NONE', #191, #507 ) ;
#472 = ORIENTED_EDGE ( 'NONE', *, *, #964, .T. ) ;
#473 = AXIS2_PLACEMENT_3D ( 'NONE', #388, #1210, #501 ) ;
#474 = DIRECTION ( 'NONE',  ( 0.0000000000000000000, 0.0000000000000000000, -1.000000000000000000 ) ) ;
#475 = CARTESIAN_POINT ( 'NONE',  ( -0.2380000000000000200, -0.2000000000000000100, 0.0000000000000000000 ) ) ;
#476 = CARTESIAN_POINT ( 'NONE',  ( 0.1380000000000000100, -0.2000000000000000100, 0.0000000000000000000 ) ) ;
#477 = CARTESIAN_POINT ( 'NONE',  ( -0.1380000000000000100, -0.2000000000000000100, 0.0000000000000000000 ) ) ;
#478 = DIRECTION ( 'NONE',  ( 0.0000000000000000000, -1.000000000000000000, 0.0000000000000000000 ) ) ;
#479 = AXIS2_PLACEMENT_3D ( 'NONE', #926, #686, #677 ) ;
#480 = EDGE_LOOP ( 'NONE', ( #856, #121 ) ) ;
#481 = ORIENTED_EDGE ( 'NONE', *, *, #809, .F. ) ;
#482 = DIRECTION ( 'NONE',  ( 0.0000000000000000000, 0.0000000000000000000, -1.000000000000000000 ) ) ;
#483 = CYLINDRICAL_SURFACE ( 'NONE', #680, 0.02024499999999998500 ) ;
#484 = CARTESIAN_POINT ( 'NONE',  ( -0.1850000000000000000, 0.5999999999999999800, -0.1000000000000000100 ) ) ;
#485 = ORIENTED_EDGE ( 'NONE', *, *, #672, .T. ) ;
#486 = LINE ( 'NONE', #899, #405 ) ;
#487 = AXIS2_PLACEMENT_3D ( 'NONE', #163, #978, #269 ) ;
#488 = ORIENTED_EDGE ( 'NONE', *, *, #1024, .F. ) ;
#489 = CARTESIAN_POINT ( 'NONE',  ( -0.2380000000000000200, -0.2500000000000000600, 0.008999999999999992400 ) ) ;
#490 = CARTESIAN_POINT ( 'NONE',  ( 0.1380000000000000100, -0.2500000000000000600, 0.0000000000000000000 ) ) ;
#491 = CARTESIAN_POINT ( 'NONE',  ( -0.3499999999999999800, -2.939152317953647400E-017, 0.1000000000000000100 ) ) ;
#492 =( LENGTH_UNIT ( ) NAMED_UNIT ( * ) SI_UNIT ( $, .METRE. ) );
#493 = AXIS2_PLACEMENT_3D ( 'NONE', #563, #553, #550 ) ;
#494 = DIRECTION ( 'NONE',  ( 0.0000000000000000000, -1.000000000000000000, 0.0000000000000000000 ) ) ;
#495 = EDGE_CURVE ( 'NONE', #1173, #846, #1128, .T. ) ;
#496 = PLANE ( 'NONE',  #473 ) ;
#497 = CARTESIAN_POINT ( 'NONE',  ( -0.2380000000000000200, -0.2000000000000000100, -0.02024500000000002000 ) ) ;
#498 = DIRECTION ( 'NONE',  ( -0.0000000000000000000, -1.000000000000000000, 0.0000000000000000000 ) ) ;
#499 = DIRECTION ( 'NONE',  ( 0.0000000000000000000, -1.000000000000000000, 0.0000000000000000000 ) ) ;
#500 = VECTOR ( 'NONE', #853, 39.37007874015748100 ) ;
#501 = DIRECTION ( 'NONE',  ( -1.000000000000000000, 0.0000000000000000000, 0.0000000000000000000 ) ) ;
#502 = ADVANCED_FACE ( 'NONE', ( #1099 ), #444, .T. ) ;
#503 = DIRECTION ( 'NONE',  ( -2.045664476387744000E-016, 1.000000000000000000, 0.0000000000000000000 ) ) ;
#504 = VECTOR ( 'NONE', #968, 39.37007874015748100 ) ;
#505 = EDGE_LOOP ( 'NONE', ( #157, #123, #928, #220 ) ) ;
#506 = FACE_OUTER_BOUND ( 'NONE', #113, .T. ) ;
#507 = VECTOR ( 'NONE', #997, 39.37007874015748100 ) ;
#508 = PLANE ( 'NONE',  #130 ) ;
#509 = ORIENTED_EDGE ( 'NONE', *, *, #1226, .F. ) ;
#510 = PLANE ( 'NONE',  #368 ) ;
#511 = ADVANCED_FACE ( 'NONE', ( #984 ), #948, .T. ) ;
#512 =( GEOMETRIC_REPRESENTATION_CONTEXT ( 3 ) GLOBAL_UNCERTAINTY_ASSIGNED_CONTEXT ( ( #164 ) ) GLOBAL_UNIT_ASSIGNED_CONTEXT ( ( #20, #858, #151 ) ) REPRESENTATION_CONTEXT ( 'NONE', 'WORKASPACE' ) );
#513 = CARTESIAN_POINT ( 'NONE',  ( -0.2380000000000000200, -0.2500000000000000600, 0.0000000000000000000 ) ) ;
#514 = EDGE_CURVE ( 'NONE', #1403, #957, #962, .T. ) ;
#515 =( CONVERSION_BASED_UNIT ( 'INCH', #302 ) LENGTH_UNIT ( ) NAMED_UNIT ( #226 ) );
#516 = DIRECTION ( 'NONE',  ( -0.0000000000000000000, 1.000000000000000000, -0.0000000000000000000 ) ) ;
#517 = CARTESIAN_POINT ( 'NONE',  ( 0.2380000000000000200, -0.2000000000000000100, 0.0000000000000000000 ) ) ;
#518 = DIRECTION ( 'NONE',  ( 2.045664476387744500E-016, 1.000000000000000000, -0.0000000000000000000 ) ) ;
#519 = VERTEX_POINT ( 'NONE', #960 ) ;
#520 = MECHANICAL_DESIGN_GEOMETRIC_PRESENTATION_REPRESENTATION (  '', ( #300 ), #605 ) ;
#521 = CARTESIAN_POINT ( 'NONE',  ( -0.1850000000000000000, 0.5999999999999999800, 0.1000000000000000100 ) ) ;
#522 = EDGE_LOOP ( 'NONE', ( #485, #1113, #439, #790 ) ) ;
#523 = VECTOR ( 'NONE', #1065, 39.37007874015748100 ) ;
#524 = DIRECTION ( 'NONE',  ( 0.0000000000000000000, 0.0000000000000000000, 1.000000000000000000 ) ) ;
#525 = FACE_BOUND ( 'NONE', #648, .T. ) ;
#526 = DIRECTION ( 'NONE',  ( 0.0000000000000000000, 0.0000000000000000000, 1.000000000000000000 ) ) ;
#527 = EDGE_CURVE ( 'NONE', #1403, #1020, #933, .T. ) ;
#528 = PRESENTATION_STYLE_ASSIGNMENT (( #1418 ) ) ;
#529 = EDGE_LOOP ( 'NONE', ( #323, #823, #1464, #430 ) ) ;
#530 = VERTEX_POINT ( 'NONE', #204 ) ;
#531 = CARTESIAN_POINT ( 'NONE',  ( 0.0000000000000000000, 0.2751968503937007900, 0.1000000000000000100 ) ) ;
#532 =( NAMED_UNIT ( * ) SI_UNIT ( $, .STERADIAN. ) SOLID_ANGLE_UNIT ( ) );
#533 = CARTESIAN_POINT ( 'NONE',  ( -0.1380000000000000100, -0.2500000000000000600, -0.008999999999999992400 ) ) ;
#534 = EDGE_CURVE ( 'NONE', #104, #1233, #981, .T. ) ;
#535 = ORIENTED_EDGE ( 'NONE', *, *, #1060, .T. ) ;
#536 = FILL_AREA_STYLE_COLOUR ( '', #543 ) ;
#537 = LINE ( 'NONE', #258, #377 ) ;
#538 = ORIENTED_EDGE ( 'NONE', *, *, #647, .F. ) ;
#539 = ADVANCED_FACE ( 'NONE', ( #965 ), #880, .F. ) ;
#540 = CARTESIAN_POINT ( 'NONE',  ( 0.06259842519685038200, 0.2751968503937007900, 0.1000000000000000100 ) ) ;
#541 = ORIENTED_EDGE ( 'NONE', *, *, #552, .T. ) ;
#542 = VECTOR ( 'NONE', #357, 39.37007874015748900 ) ;
#543 = COLOUR_RGB ( '',1.000000000000000000, 1.000000000000000000, 1.000000000000000000 ) ;
#544 = ORIENTED_EDGE ( 'NONE', *, *, #791, .F. ) ;
#545 = LINE ( 'NONE', #145, #504 ) ;
#546 = VECTOR ( 'NONE', #912, 39.37007874015748100 ) ;
#547 = CARTESIAN_POINT ( 'NONE',  ( 0.06259842519685038200, 0.2751968503937007900, 0.1000000000000000100 ) ) ;
#548 = LINE ( 'NONE', #452, #329 ) ;
#549 = UNCERTAINTY_MEASURE_WITH_UNIT (LENGTH_MEASURE( 1.000000000000000100E-005 ), #419, 'distance_accuracy_value', 'NONE');
#550 = DIRECTION ( 'NONE',  ( 0.0000000000000000000, 0.0000000000000000000, -1.000000000000000000 ) ) ;
#551 = AXIS2_PLACEMENT_3D ( 'NONE', #68, #896, #194 ) ;
#552 = EDGE_CURVE ( 'NONE', #709, #105, #1095, .T. ) ;
#553 = DIRECTION ( 'NONE',  ( 0.0000000000000000000, -1.000000000000000000, 0.0000000000000000000 ) ) ;
#554 = VERTEX_POINT ( 'NONE', #540 ) ;
#555 = ORIENTED_EDGE ( 'NONE', *, *, #122, .T. ) ;
#556 = ORIENTED_EDGE ( 'NONE', *, *, #986, .F. ) ;
#557 = VECTOR ( 'NONE', #291, 39.37007874015748100 ) ;
#558 = FACE_OUTER_BOUND ( 'NONE', #505, .T. ) ;
#559 = VECTOR ( 'NONE', #1165, 39.37007874015748100 ) ;
#560 = VERTEX_POINT ( 'NONE', #885 ) ;
#561 = EDGE_CURVE ( 'NONE', #104, #628, #731, .T. ) ;
#562 = ORIENTED_EDGE ( 'NONE', *, *, #719, .F. ) ;
#563 = CARTESIAN_POINT ( 'NONE',  ( -0.1380000000000000100, -0.2500000000000000600, 0.0000000000000000000 ) ) ;
#564 = MECHANICAL_DESIGN_GEOMETRIC_PRESENTATION_REPRESENTATION (  '', ( #633 ), #512 ) ;
#565 = DIRECTION ( 'NONE',  ( 0.0000000000000000000, -1.000000000000000000, 0.0000000000000000000 ) ) ;
#566 = EDGE_CURVE ( 'NONE', #628, #599, #761, .T. ) ;
#567 = CARTESIAN_POINT ( 'NONE',  ( -0.1380000000000000100, -3.414809992080329000E-017, 0.0000000000000000000 ) ) ;
#568 = ORIENTED_EDGE ( 'NONE', *, *, #584, .T. ) ;
#569 = DIRECTION ( 'NONE',  ( 0.0000000000000000000, 0.0000000000000000000, 1.000000000000000000 ) ) ;
#570 = LINE ( 'NONE', #6, #542 ) ;
#571 = EDGE_CURVE ( 'NONE', #234, #312, #713, .T. ) ;
#572 = ORIENTED_EDGE ( 'NONE', *, *, #495, .T. ) ;
#573 = ADVANCED_FACE ( 'NONE', ( #734, #692 ), #466, .T. ) ;
#574 = ORIENTED_EDGE ( 'NONE', *, *, #1244, .T. ) ;
#575 = CIRCLE ( 'NONE', #109, 0.02024499999999998900 ) ;
#576 = LINE ( 'NONE', #2, #559 ) ;
#577 = ORIENTED_EDGE ( 'NONE', *, *, #925, .F. ) ;
#578 = DIRECTION ( 'NONE',  ( -0.0000000000000000000, 1.000000000000000000, -0.0000000000000000000 ) ) ;
#579 = LINE ( 'NONE', #715, #523 ) ;
#580 = VECTOR ( 'NONE', #95, 39.37007874015748100 ) ;
#581 = SURFACE_STYLE_USAGE ( .BOTH. , #1286 ) ;
#582 = CYLINDRICAL_SURFACE ( 'NONE', #874, 0.008999999999999992400 ) ;
#583 = EDGE_LOOP ( 'NONE', ( #711, #1044, #1047, #1197 ) ) ;
#584 = EDGE_CURVE ( 'NONE', #1233, #599, #685, .T. ) ;
#585 = ADVANCED_FACE ( 'NONE', ( #666 ), #650, .T. ) ;
#586 = DIRECTION ( 'NONE',  ( 0.0000000000000000000, 0.0000000000000000000, 1.000000000000000000 ) ) ;
#587 = DIRECTION ( 'NONE',  ( -0.0000000000000000000, 1.000000000000000000, -0.0000000000000000000 ) ) ;
#588 = DIRECTION ( 'NONE',  ( -0.0000000000000000000, -0.0000000000000000000, -1.000000000000000000 ) ) ;
#589 = CARTESIAN_POINT ( 'NONE',  ( 0.06259842519685036900, 0.1499999999999999900, 0.1000000000000000100 ) ) ;
#590 = CARTESIAN_POINT ( 'NONE',  ( -0.2380000000000000200, -0.2000000000000000100, 0.02024500000000002000 ) ) ;
#591 = AXIS2_PLACEMENT_3D ( 'NONE', #1509, #886, #733 ) ;
#592 = DIRECTION ( 'NONE',  ( -0.0000000000000000000, -1.000000000000000000, 0.0000000000000000000 ) ) ;
#593 = DIRECTION ( 'NONE',  ( 0.0000000000000000000, 0.0000000000000000000, -1.000000000000000000 ) ) ;
#594 = EDGE_CURVE ( 'NONE', #26, #1393, #651, .T. ) ;
#595 = ORIENTED_EDGE ( 'NONE', *, *, #1455, .T. ) ;
#596 = DIRECTION ( 'NONE',  ( 0.0000000000000000000, 0.0000000000000000000, -1.000000000000000000 ) ) ;
#597 = ORIENTED_EDGE ( 'NONE', *, *, #1050, .T. ) ;
#598 = DIRECTION ( 'NONE',  ( 0.0000000000000000000, 0.0000000000000000000, 1.000000000000000000 ) ) ;
#599 = VERTEX_POINT ( 'NONE', #308 ) ;
#600 = VECTOR ( 'NONE', #708, 39.37007874015748100 ) ;
#601 = CIRCLE ( 'NONE', #591, 0.008999999999999992400 ) ;
#602 = LINE ( 'NONE', #53, #580 ) ;
#603 = ORIENTED_EDGE ( 'NONE', *, *, #929, .F. ) ;
#604 = DIRECTION ( 'NONE',  ( 0.0000000000000000000, 0.0000000000000000000, -1.000000000000000000 ) ) ;
#605 =( GEOMETRIC_REPRESENTATION_CONTEXT ( 3 ) GLOBAL_UNCERTAINTY_ASSIGNED_CONTEXT ( ( #836 ) ) GLOBAL_UNIT_ASSIGNED_CONTEXT ( ( #515, #1350, #645 ) ) REPRESENTATION_CONTEXT ( 'NONE', 'WORKASPACE' ) );
#606 = CARTESIAN_POINT ( 'NONE',  ( 0.01999999999999998700, 0.5989999999999999800, -0.05999999999999999800 ) ) ;
#607 = EDGE_LOOP ( 'NONE', ( #1474, #481 ) ) ;
#608 = EDGE_CURVE ( 'NONE', #26, #1252, #634, .T. ) ;
#609 = SURFACE_SIDE_STYLE ('',( #1381 ) ) ;
#610 = DIRECTION ( 'NONE',  ( 0.0000000000000000000, 0.0000000000000000000, 1.000000000000000000 ) ) ;
#611 = CARTESIAN_POINT ( 'NONE',  ( 0.2380000000000000200, -0.2500000000000000600, -0.008999999999999992400 ) ) ;
#612 = CARTESIAN_POINT ( 'NONE',  ( -0.1399999999999999900, 0.5999999999999999800, -0.05999999999999999800 ) ) ;
#613 = VERTEX_POINT ( 'NONE', #252 ) ;
#614 = MECHANICAL_DESIGN_GEOMETRIC_PRESENTATION_REPRESENTATION (  '', ( #93 ), #1396 ) ;
#615 =( NAMED_UNIT ( * ) PLANE_ANGLE_UNIT ( ) SI_UNIT ( $, .RADIAN. ) );
#616 = EDGE_CURVE ( 'NONE', #1252, #1297, #1074, .T. ) ;
#617 = ORIENTED_EDGE ( 'NONE', *, *, #1004, .F. ) ;
#618 = FACE_OUTER_BOUND ( 'NONE', #1063, .T. ) ;
#619 = EDGE_LOOP ( 'NONE', ( #1402, #654 ) ) ;
#620 = CARTESIAN_POINT ( 'NONE',  ( 0.1399999999999999900, 0.5989999999999999800, 0.05999999999999999800 ) ) ;
#621 = CARTESIAN_POINT ( 'NONE',  ( -0.2380000000000000200, -0.2000000000000000100, 0.0000000000000000000 ) ) ;
#622 = LINE ( 'NONE', #1290, #649 ) ;
#623 = LINE ( 'NONE', #1460, #546 ) ;
#624 = EDGE_LOOP ( 'NONE', ( #440, #229 ) ) ;
#625 = CARTESIAN_POINT ( 'NONE',  ( 0.3499999999999999800, -2.939152317953647400E-017, 0.1000000000000000100 ) ) ;
#626 = LINE ( 'NONE', #57, #600 ) ;
#627 = VECTOR ( 'NONE', #177, 39.37007874015748100 ) ;
#628 = VERTEX_POINT ( 'NONE', #188 ) ;
#629 = DIRECTION ( 'NONE',  ( -1.000000000000000000, 0.0000000000000000000, 0.0000000000000000000 ) ) ;
#630 = PRESENTATION_LAYER_ASSIGNMENT (  '', '', ( #633 ) ) ;
#631 = DIRECTION ( 'NONE',  ( 3.557093741750343000E-017, 0.0000000000000000000, -1.000000000000000000 ) ) ;
#632 = ORIENTED_EDGE ( 'NONE', *, *, #670, .T. ) ;
#633 = STYLED_ITEM ( 'NONE', ( #314 ), #947 ) ;
#634 = LINE ( 'NONE', #288, #627 ) ;
#635 = CARTESIAN_POINT ( 'NONE',  ( 0.2380000000000000200, -0.2000000000000000100, 0.0000000000000000000 ) ) ;
#636 = DIRECTION ( 'NONE',  ( 1.000000000000000000, 0.0000000000000000000, 3.557093741750343000E-017 ) ) ;
#637 = DIRECTION ( 'NONE',  ( -0.0000000000000000000, -1.000000000000000000, 0.0000000000000000000 ) ) ;
#638 = DIRECTION ( 'NONE',  ( -0.0000000000000000000, 1.000000000000000000, -0.0000000000000000000 ) ) ;
#639 = ADVANCED_FACE ( 'NONE', ( #1043 ), #582, .T. ) ;
#640 = DIRECTION ( 'NONE',  ( 0.0000000000000000000, -0.0000000000000000000, -1.000000000000000000 ) ) ;
#641 = CARTESIAN_POINT ( 'NONE',  ( -0.01999999999999998700, 0.5989999999999999800, -0.05999999999999999800 ) ) ;
#642 = CARTESIAN_POINT ( 'NONE',  ( -0.2380000000000000200, -0.2000000000000000100, 0.0000000000000000000 ) ) ;
#643 = VERTEX_POINT ( 'NONE', #47 ) ;
#644 = CARTESIAN_POINT ( 'NONE',  ( -0.3499999999999999800, -2.939152317953647400E-017, -0.1000000000000000100 ) ) ;
#645 =( NAMED_UNIT ( * ) SI_UNIT ( $, .STERADIAN. ) SOLID_ANGLE_UNIT ( ) );
#646 = ORIENTED_EDGE ( 'NONE', *, *, #1193, .F. ) ;
#647 = EDGE_CURVE ( 'NONE', #1393, #1297, #602, .T. ) ;
#648 = EDGE_LOOP ( 'NONE', ( #1504, #786 ) ) ;
#649 = VECTOR ( 'NONE', #588, 39.37007874015748100 ) ;
#650 = CYLINDRICAL_SURFACE ( 'NONE', #737, 0.008999999999999992400 ) ;
#651 = CIRCLE ( 'NONE', #663, 0.008999999999999992400 ) ;
#652 = ORIENTED_EDGE ( 'NONE', *, *, #1505, .F. ) ;
#653 = CARTESIAN_POINT ( 'NONE',  ( -0.06259842519685038200, 0.2751968503937007900, 0.1000000000000000100 ) ) ;
#654 = ORIENTED_EDGE ( 'NONE', *, *, #769, .F. ) ;
#655 = DIRECTION ( 'NONE',  ( 0.0000000000000000000, -1.000000000000000000, 0.0000000000000000000 ) ) ;
#656 = DIRECTION ( 'NONE',  ( 2.045664476387744500E-016, -1.000000000000000000, 0.0000000000000000000 ) ) ;
#657 = EDGE_CURVE ( 'NONE', #1346, #1276, #601, .T. ) ;
#658 = DIRECTION ( 'NONE',  ( 1.000000000000000000, 0.0000000000000000000, 0.0000000000000000000 ) ) ;
#659 = AXIS2_PLACEMENT_3D ( 'NONE', #371, #1192, #482 ) ;
#660 = APPLICATION_PROTOCOL_DEFINITION ( 'draft international standard', 'automotive_design', 1998, #789 ) ;
#661 =( NAMED_UNIT ( * ) SI_UNIT ( $, .STERADIAN. ) SOLID_ANGLE_UNIT ( ) );
#662 = ORIENTED_EDGE ( 'NONE', *, *, #781, .T. ) ;
#663 = AXIS2_PLACEMENT_3D ( 'NONE', #247, #217, #193 ) ;
#664 = CIRCLE ( 'NONE', #46, 0.02024500000000002000 ) ;
#665 = ORIENTED_EDGE ( 'NONE', *, *, #594, .F. ) ;
#666 = FACE_OUTER_BOUND ( 'NONE', #1384, .T. ) ;
#667 = DIRECTION ( 'NONE',  ( 1.000000000000000000, 0.0000000000000000000, 0.0000000000000000000 ) ) ;
#668 = LINE ( 'NONE', #383, #261 ) ;
#669 =( NAMED_UNIT ( * ) PLANE_ANGLE_UNIT ( ) SI_UNIT ( $, .RADIAN. ) );
#670 = EDGE_CURVE ( 'NONE', #1346, #693, #576, .T. ) ;
#671 = ORIENTED_EDGE ( 'NONE', *, *, #1383, .F. ) ;
#672 = EDGE_CURVE ( 'NONE', #23, #234, #623, .T. ) ;
#673 = ADVANCED_FACE ( 'NONE', ( #558 ), #1513, .F. ) ;
#674 = SURFACE_STYLE_FILL_AREA ( #1478 ) ;
#675 =( CONVERSION_BASED_UNIT ( 'INCH', #833 ) LENGTH_UNIT ( ) NAMED_UNIT ( #321 ) );
#676 = EDGE_CURVE ( 'NONE', #693, #1030, #402, .T. ) ;
#677 = DIRECTION ( 'NONE',  ( 0.0000000000000000000, -0.0000000000000000000, -1.000000000000000000 ) ) ;
#678 = DIMENSIONAL_EXPONENTS ( 1.000000000000000000, 0.0000000000000000000, 0.0000000000000000000, 0.0000000000000000000, 0.0000000000000000000, 0.0000000000000000000, 0.0000000000000000000 ) ;
#679 = CARTESIAN_POINT ( 'NONE',  ( 0.1380000000000000100, -0.2500000000000000600, 0.0000000000000000000 ) ) ;
#680 = AXIS2_PLACEMENT_3D ( 'NONE', #476, #255, #598 ) ;
#681 = ORIENTED_EDGE ( 'NONE', *, *, #1168, .T. ) ;
#682 = ORIENTED_EDGE ( 'NONE', *, *, #754, .T. ) ;
#683 = AXIS2_PLACEMENT_3D ( 'NONE', #16, #850, #147 ) ;
#684 = EDGE_CURVE ( 'NONE', #1276, #1030, #424, .T. ) ;
#685 = LINE ( 'NONE', #351, #740 ) ;
#686 = DIRECTION ( 'NONE',  ( 0.0000000000000000000, -1.000000000000000000, 0.0000000000000000000 ) ) ;
#687 = ORIENTED_EDGE ( 'NONE', *, *, #1486, .T. ) ;
#688 = EDGE_CURVE ( 'NONE', #273, #330, #406, .T. ) ;
#689 = VERTEX_POINT ( 'NONE', #848 ) ;
#690 = DIRECTION ( 'NONE',  ( 0.0000000000000000000, 0.0000000000000000000, -1.000000000000000000 ) ) ;
#691 = ORIENTED_EDGE ( 'NONE', *, *, #857, .T. ) ;
#692 = FACE_BOUND ( 'NONE', #420, .T. ) ;
#693 = VERTEX_POINT ( 'NONE', #698 ) ;
#694 = VECTOR ( 'NONE', #468, 39.37007874015748100 ) ;
#695 = PRESENTATION_LAYER_ASSIGNMENT (  '', '', ( #93 ) ) ;
#696 = EDGE_LOOP ( 'NONE', ( #458, #198 ) ) ;
#697 = EDGE_CURVE ( 'NONE', #273, #1185, #363, .T. ) ;
#698 = CARTESIAN_POINT ( 'NONE',  ( 0.2380000000000000200, -0.2000000000000000100, -0.008999999999999992400 ) ) ;
#699 = ADVANCED_FACE ( 'NONE', ( #384 ), #237, .F. ) ;
#700 = DIRECTION ( 'NONE',  ( 0.0000000000000000000, 0.0000000000000000000, 1.000000000000000000 ) ) ;
#701 = CARTESIAN_POINT ( 'NONE',  ( -0.2380000000000000200, -0.2500000000000000600, 0.008999999999999992400 ) ) ;
#702 = CARTESIAN_POINT ( 'NONE',  ( -0.1399999999999999900, 0.5989999999999999800, -0.05999999999999999800 ) ) ;
#703 = AXIS2_PLACEMENT_3D ( 'NONE', #477, #1306, #604 ) ;
#704 =( CONVERSION_BASED_UNIT ( 'INCH', #832 ) LENGTH_UNIT ( ) NAMED_UNIT ( #1029 ) );
#705 = ADVANCED_FACE ( 'NONE', ( #222 ), #182, .T. ) ;
#706 =( LENGTH_UNIT ( ) NAMED_UNIT ( * ) SI_UNIT ( $, .METRE. ) );
#707 = CARTESIAN_POINT ( 'NONE',  ( -0.2380000000000000200, -3.414809992080329000E-017, 0.0000000000000000000 ) ) ;
#708 = DIRECTION ( 'NONE',  ( -0.0000000000000000000, 1.000000000000000000, -0.0000000000000000000 ) ) ;
#709 = VERTEX_POINT ( 'NONE', #1475 ) ;
#710 = SURFACE_STYLE_USAGE ( .BOTH. , #748 ) ;
#711 = ORIENTED_EDGE ( 'NONE', *, *, #1419, .F. ) ;
#712 = AXIS2_PLACEMENT_3D ( 'NONE', #393, #638, #1215 ) ;
#713 = LINE ( 'NONE', #840, #694 ) ;
#714 = VECTOR ( 'NONE', #294, 39.37007874015748100 ) ;
#715 = CARTESIAN_POINT ( 'NONE',  ( -0.3499999999999999800, -2.939152317953647400E-017, 0.1000000000000000100 ) ) ;
#716 = VECTOR ( 'NONE', #516, 39.37007874015748100 ) ;
#717 = ORIENTED_EDGE ( 'NONE', *, *, #1334, .T. ) ;
#718 = CARTESIAN_POINT ( 'NONE',  ( 0.3499999999999999800, 0.1999999999999999800, -0.1000000000000000100 ) ) ;
#719 = EDGE_CURVE ( 'NONE', #1185, #1091, #187, .T. ) ;
#720 = CARTESIAN_POINT ( 'NONE',  ( 0.1380000000000000100, -0.2000000000000000100, 0.02024499999999998500 ) ) ;
#721 = PLANE ( 'NONE',  #446 ) ;
#722 = CARTESIAN_POINT ( 'NONE',  ( -0.3499999999999999800, 0.1999999999999999800, -0.1000000000000000100 ) ) ;
#723 = EDGE_CURVE ( 'NONE', #330, #1091, #205, .T. ) ;
#724 = ORIENTED_EDGE ( 'NONE', *, *, #534, .T. ) ;
#725 =( LENGTH_UNIT ( ) NAMED_UNIT ( * ) SI_UNIT ( $, .METRE. ) );
#726 = PLANE ( 'NONE',  #1520 ) ;
#727 = AXIS2_PLACEMENT_3D ( 'NONE', #1303, #478, #1307 ) ;
#728 = DIRECTION ( 'NONE',  ( -0.0000000000000000000, -0.0000000000000000000, -1.000000000000000000 ) ) ;
#729 = ORIENTED_EDGE ( 'NONE', *, *, #1386, .T. ) ;
#730 = AXIS2_PLACEMENT_3D ( 'NONE', #967, #256, #1067 ) ;
#731 = LINE ( 'NONE', #533, #716 ) ;
#732 = ORIENTED_EDGE ( 'NONE', *, *, #1066, .F. ) ;
#733 = DIRECTION ( 'NONE',  ( 0.0000000000000000000, 0.0000000000000000000, -1.000000000000000000 ) ) ;
#734 = FACE_OUTER_BOUND ( 'NONE', #696, .T. ) ;
#735 = VERTEX_POINT ( 'NONE', #1011 ) ;
#736 = FACE_OUTER_BOUND ( 'NONE', #281, .T. ) ;
#737 = AXIS2_PLACEMENT_3D ( 'NONE', #322, #310, #389 ) ;
#738 = CARTESIAN_POINT ( 'NONE',  ( 0.1380000000000000100, -0.2500000000000000600, -0.008999999999999992400 ) ) ;
#739 = CARTESIAN_POINT ( 'NONE',  ( -0.2380000000000000200, -0.2500000000000000600, 0.0000000000000000000 ) ) ;
#740 = VECTOR ( 'NONE', #358, 39.37007874015748100 ) ;
#741 = VERTEX_POINT ( 'NONE', #900 ) ;
#742 = EDGE_CURVE ( 'NONE', #56, #1502, #219, .T. ) ;
#743 = EDGE_CURVE ( 'NONE', #23, #560, #202, .T. ) ;
#744 = DIRECTION ( 'NONE',  ( 0.0000000000000000000, 0.0000000000000000000, 1.000000000000000000 ) ) ;
#745 = SURFACE_STYLE_USAGE ( .BOTH. , #1439 ) ;
#746 = DIRECTION ( 'NONE',  ( -1.000000000000000000, 0.0000000000000000000, 0.0000000000000000000 ) ) ;
#747 = CARTESIAN_POINT ( 'NONE',  ( 0.1380000000000000100, -0.2500000000000000600, 0.008999999999999992400 ) ) ;
#748 = SURFACE_SIDE_STYLE ('',( #921 ) ) ;
#749 = DIRECTION ( 'NONE',  ( 0.0000000000000000000, 0.0000000000000000000, 1.000000000000000000 ) ) ;
#750 = CARTESIAN_POINT ( 'NONE',  ( -0.06259842519685038200, 0.2751968503937007900, 0.1000000000000000100 ) ) ;
#751 = CARTESIAN_POINT ( 'NONE',  ( -0.1850000000000000000, 0.5999999999999999800, 0.1000000000000000100 ) ) ;
#752 = VECTOR ( 'NONE', #1219, 39.37007874015748100 ) ;
#753 = FILL_AREA_STYLE ('',( #870 ) ) ;
#754 = EDGE_CURVE ( 'NONE', #56, #1380, #153, .T. ) ;
#755 = ORIENTED_EDGE ( 'NONE', *, *, #1226, .T. ) ;
#756 = ADVANCED_FACE ( 'NONE', ( #139 ), #771, .F. ) ;
#757 = ORIENTED_EDGE ( 'NONE', *, *, #925, .T. ) ;
#758 = CARTESIAN_POINT ( 'NONE',  ( 0.3499999999999999800, -2.939152317953647400E-017, 0.1000000000000000100 ) ) ;
#759 = DIRECTION ( 'NONE',  ( -0.3813309229528950600, 0.9244386010979275300, 0.0000000000000000000 ) ) ;
#760 = CIRCLE ( 'NONE', #396, 0.06259842519685036900 ) ;
#761 = CIRCLE ( 'NONE', #464, 0.008999999999999992400 ) ;
#762 = COLOUR_RGB ( '',1.000000000000000000, 1.000000000000000000, 1.000000000000000000 ) ;
#763 = DIRECTION ( 'NONE',  ( 0.0000000000000000000, 0.0000000000000000000, -1.000000000000000000 ) ) ;
#764 = ORIENTED_EDGE ( 'NONE', *, *, #1152, .T. ) ;
#765 = DIRECTION ( 'NONE',  ( 0.0000000000000000000, 0.0000000000000000000, -1.000000000000000000 ) ) ;
#766 = AXIS2_PLACEMENT_3D ( 'NONE', #131, #250, #1407 ) ;
#767 = DIRECTION ( 'NONE',  ( 0.0000000000000000000, 0.0000000000000000000, -1.000000000000000000 ) ) ;
#768 = CARTESIAN_POINT ( 'NONE',  ( 0.01999999999999998700, 0.5989999999999999800, 0.05999999999999999800 ) ) ;
#769 = EDGE_CURVE ( 'NONE', #1380, #1472, #156, .T. ) ;
#770 = CARTESIAN_POINT ( 'NONE',  ( 0.0000000000000000000, 0.5989999999999999800, 0.0000000000000000000 ) ) ;
#771 = PLANE ( 'NONE',  #1130 ) ;
#772 = CARTESIAN_POINT ( 'NONE',  ( 0.0000000000000000000, 0.0000000000000000000, -0.1000000000000000100 ) ) ;
#773 = DIRECTION ( 'NONE',  ( 0.0000000000000000000, -1.000000000000000000, 0.0000000000000000000 ) ) ;
#774 = CARTESIAN_POINT ( 'NONE',  ( -0.06259842519685036900, 0.1499999999999999900, 0.1000000000000000100 ) ) ;
#775 = DIRECTION ( 'NONE',  ( 0.0000000000000000000, -1.000000000000000000, 0.0000000000000000000 ) ) ;
#776 =( GEOMETRIC_REPRESENTATION_CONTEXT ( 3 ) GLOBAL_UNCERTAINTY_ASSIGNED_CONTEXT ( ( #549 ) ) GLOBAL_UNIT_ASSIGNED_CONTEXT ( ( #419, #1242, #532 ) ) REPRESENTATION_CONTEXT ( 'NONE', 'WORKASPACE' ) );
#777 = ORIENTED_EDGE ( 'NONE', *, *, #270, .T. ) ;
#778 = PLANE ( 'NONE',  #1069 ) ;
#779 = VERTEX_POINT ( 'NONE', #1331 ) ;
#780 = DIRECTION ( 'NONE',  ( -0.0000000000000000000, 1.000000000000000000, -0.0000000000000000000 ) ) ;
#781 = EDGE_CURVE ( 'NONE', #1502, #1472, #103, .T. ) ;
#782 = VERTEX_POINT ( 'NONE', #51 ) ;
#783 = COLOUR_RGB ( '',1.000000000000000000, 1.000000000000000000, 1.000000000000000000 ) ;
#784 = FACE_OUTER_BOUND ( 'NONE', #208, .T. ) ;
#785 = SURFACE_STYLE_FILL_AREA ( #292 ) ;
#786 = ORIENTED_EDGE ( 'NONE', *, *, #676, .F. ) ;
#787 = ORIENTED_EDGE ( 'NONE', *, *, #937, .F. ) ;
#788 = VECTOR ( 'NONE', #1100, 39.37007874015748100 ) ;
#789 = APPLICATION_CONTEXT ( 'automotive_design' ) ;
#790 = ORIENTED_EDGE ( 'NONE', *, *, #822, .T. ) ;
#791 = EDGE_CURVE ( 'NONE', #519, #1022, #120, .T. ) ;
#792 = APPLICATION_CONTEXT ( 'automotive_design' ) ;
#793 = ADVANCED_FACE ( 'NONE', ( #88, #124 ), #235, .F. ) ;
#794 = CARTESIAN_POINT ( 'NONE',  ( -0.1380000000000000100, -0.2500000000000000600, 0.0000000000000000000 ) ) ;
#795 = ORIENTED_EDGE ( 'NONE', *, *, #1270, .T. ) ;
#796 = AXIS2_PLACEMENT_3D ( 'NONE', #467, #1178, #586 ) ;
#797 = EDGE_LOOP ( 'NONE', ( #262, #488, #1274, #597 ) ) ;
#798 = CARTESIAN_POINT ( 'NONE',  ( 0.1380000000000000100, -0.2000000000000000100, -0.02024499999999998500 ) ) ;
#799 = ORIENTED_EDGE ( 'NONE', *, *, #1255, .F. ) ;
#800 = VECTOR ( 'NONE', #392, 39.37007874015748100 ) ;
#801 = LINE ( 'NONE', #1453, #159 ) ;
#802 = EDGE_LOOP ( 'NONE', ( #901, #1314, #662, #1325 ) ) ;
#803 = DIMENSIONAL_EXPONENTS ( 1.000000000000000000, 0.0000000000000000000, 0.0000000000000000000, 0.0000000000000000000, 0.0000000000000000000, 0.0000000000000000000, 0.0000000000000000000 ) ;
#804 = AXIS2_PLACEMENT_3D ( 'NONE', #513, #1458, #1220 ) ;
#805 = EDGE_CURVE ( 'NONE', #519, #954, #85, .T. ) ;
#806 = VERTEX_POINT ( 'NONE', #236 ) ;
#807 = ORIENTED_EDGE ( 'NONE', *, *, #1292, .T. ) ;
#808 = ORIENTED_EDGE ( 'NONE', *, *, #972, .F. ) ;
#809 = EDGE_CURVE ( 'NONE', #954, #197, #82, .T. ) ;
#810 = CYLINDRICAL_SURFACE ( 'NONE', #290, 0.02024500000000002000 ) ;
#811 = CARTESIAN_POINT ( 'NONE',  ( 0.2380000000000000200, -0.2000000000000000100, 0.0000000000000000000 ) ) ;
#812 = LINE ( 'NONE', #1336, #788 ) ;
#813 = PLANE ( 'NONE',  #479 ) ;
#814 = ORIENTED_EDGE ( 'NONE', *, *, #1112, .T. ) ;
#815 = VECTOR ( 'NONE', #45, 39.37007874015748100 ) ;
#816 = EDGE_LOOP ( 'NONE', ( #176, #764, #915, #408 ) ) ;
#817 = AXIS2_PLACEMENT_3D ( 'NONE', #475, #1302, #596 ) ;
#818 = DIRECTION ( 'NONE',  ( -0.0000000000000000000, 1.000000000000000000, -0.0000000000000000000 ) ) ;
#819 = AXIS2_PLACEMENT_3D ( 'NONE', #955, #254, #1064 ) ;
#820 = EDGE_CURVE ( 'NONE', #1022, #197, #60, .T. ) ;
#821 = DIRECTION ( 'NONE',  ( -0.0000000000000000000, -0.0000000000000000000, -1.000000000000000000 ) ) ;
#822 = EDGE_CURVE ( 'NONE', #806, #23, #64, .T. ) ;
#823 = ORIENTED_EDGE ( 'NONE', *, *, #561, .T. ) ;
#824 = VECTOR ( 'NONE', #1194, 39.37007874015748100 ) ;
#825 = DIRECTION ( 'NONE',  ( -0.0000000000000000000, 1.000000000000000000, -0.0000000000000000000 ) ) ;
#826 = ADVANCED_FACE ( 'NONE', ( #946 ), #1051, .T. ) ;
#827 = DIRECTION ( 'NONE',  ( 0.0000000000000000000, -1.000000000000000000, 0.0000000000000000000 ) ) ;
#828 = ORIENTED_EDGE ( 'NONE', *, *, #857, .F. ) ;
#829 =( NAMED_UNIT ( * ) SI_UNIT ( $, .STERADIAN. ) SOLID_ANGLE_UNIT ( ) );
#830 = LINE ( 'NONE', #1214, #800 ) ;
#831 = ORIENTED_EDGE ( 'NONE', *, *, #719, .T. ) ;
#832 = LENGTH_MEASURE_WITH_UNIT ( LENGTH_MEASURE( 0.02539999999999999900 ), #1400 );
#833 = LENGTH_MEASURE_WITH_UNIT ( LENGTH_MEASURE( 0.02539999999999999900 ), #706 );
#834 = EDGE_CURVE ( 'NONE', #447, #399, #1033, .T. ) ;
#835 = CARTESIAN_POINT ( 'NONE',  ( 0.2380000000000000200, -0.2000000000000000100, -0.02024500000000002000 ) ) ;
#836 = UNCERTAINTY_MEASURE_WITH_UNIT (LENGTH_MEASURE( 1.000000000000000100E-005 ), #515, 'distance_accuracy_value', 'NONE');
#837 = EDGE_LOOP ( 'NONE', ( #99, #319, #1017, #299 ) ) ;
#838 = CYLINDRICAL_SURFACE ( 'NONE', #804, 0.008999999999999992400 ) ;
#839 = DIRECTION ( 'NONE',  ( 0.0000000000000000000, 0.0000000000000000000, 1.000000000000000000 ) ) ;
#840 = CARTESIAN_POINT ( 'NONE',  ( 0.01999999999999998700, 0.5989999999999999800, -0.05999999999999999800 ) ) ;
#841 = AXIS2_PLACEMENT_3D ( 'NONE', #707, #1519, #839 ) ;
#842 = CARTESIAN_POINT ( 'NONE',  ( 0.2380000000000000200, -3.414809992080329000E-017, 0.0000000000000000000 ) ) ;
#843 = DIRECTION ( 'NONE',  ( -0.0000000000000000000, 1.000000000000000000, -0.0000000000000000000 ) ) ;
#844 = EDGE_CURVE ( 'NONE', #957, #982, #1299, .T. ) ;
#845 = DIRECTION ( 'NONE',  ( -0.3813309229528950600, 0.9244386010979275300, 0.0000000000000000000 ) ) ;
#846 = VERTEX_POINT ( 'NONE', #949 ) ;
#847 = ORIENTED_EDGE ( 'NONE', *, *, #820, .F. ) ;
#848 = CARTESIAN_POINT ( 'NONE',  ( -0.3499999999999999800, 0.1999999999999999800, 0.1000000000000000100 ) ) ;
#849 = ORIENTED_EDGE ( 'NONE', *, *, #1386, .F. ) ;
#850 = DIRECTION ( 'NONE',  ( 0.0000000000000000000, -1.000000000000000000, 0.0000000000000000000 ) ) ;
#851 = AXIS2_PLACEMENT_3D ( 'NONE', #770, #61, #890 ) ;
#852 = LINE ( 'NONE', #1448, #815 ) ;
#853 = DIRECTION ( 'NONE',  ( -1.000000000000000000, -0.0000000000000000000, -0.0000000000000000000 ) ) ;
#854 = EDGE_LOOP ( 'NONE', ( #293, #603, #1155, #535 ) ) ;
#855 = FACE_OUTER_BOUND ( 'NONE', #480, .T. ) ;
#856 = ORIENTED_EDGE ( 'NONE', *, *, #905, .T. ) ;
#857 = EDGE_CURVE ( 'NONE', #447, #161, #35, .T. ) ;
#858 =( NAMED_UNIT ( * ) PLANE_ANGLE_UNIT ( ) SI_UNIT ( $, .RADIAN. ) );
#859 = SURFACE_STYLE_USAGE ( .BOTH. , #21 ) ;
#860 = FILL_AREA_STYLE_COLOUR ( '', #1147 ) ;
#861 = DIRECTION ( 'NONE',  ( 0.0000000000000000000, 0.0000000000000000000, -1.000000000000000000 ) ) ;
#862 = DIRECTION ( 'NONE',  ( 0.0000000000000000000, 0.0000000000000000000, -1.000000000000000000 ) ) ;
#863 = EDGE_CURVE ( 'NONE', #161, #779, #12, .T. ) ;
#864 = CARTESIAN_POINT ( 'NONE',  ( 0.2380000000000000200, -0.2000000000000000100, 0.0000000000000000000 ) ) ;
#865 = CIRCLE ( 'NONE', #317, 0.02024500000000002000 ) ;
#866 = ORIENTED_EDGE ( 'NONE', *, *, #844, .T. ) ;
#867 =( CONVERSION_BASED_UNIT ( 'INCH', #221 ) LENGTH_UNIT ( ) NAMED_UNIT ( #1385 ) );
#868 = DIRECTION ( 'NONE',  ( -0.0000000000000000000, -0.0000000000000000000, -1.000000000000000000 ) ) ;
#869 = ORIENTED_EDGE ( 'NONE', *, *, #743, .T. ) ;
#870 = FILL_AREA_STYLE_COLOUR ( '', #979 ) ;
#871 = LINE ( 'NONE', #758, #557 ) ;
#872 = VECTOR ( 'NONE', #382, 39.37007874015748100 ) ;
#873 = FACE_OUTER_BOUND ( 'NONE', #837, .T. ) ;
#874 = AXIS2_PLACEMENT_3D ( 'NONE', #63, #143, #137 ) ;
#875 = DIRECTION ( 'NONE',  ( -0.0000000000000000000, -1.000000000000000000, 0.0000000000000000000 ) ) ;
#876 = DIRECTION ( 'NONE',  ( 2.045664476387744500E-016, -1.000000000000000000, 0.0000000000000000000 ) ) ;
#877 = DIRECTION ( 'NONE',  ( -0.0000000000000000000, 1.000000000000000000, -0.0000000000000000000 ) ) ;
#878 = ADVANCED_FACE ( 'NONE', ( #41 ), #1442, .T. ) ;
#879 = CARTESIAN_POINT ( 'NONE',  ( -0.06259842519685036900, 0.1499999999999999900, 0.1000000000000000100 ) ) ;
#880 = PLANE ( 'NONE',  #18 ) ;
#881 = CARTESIAN_POINT ( 'NONE',  ( -0.2380000000000000200, -0.2000000000000000100, -0.008999999999999992400 ) ) ;
#882 = CARTESIAN_POINT ( 'NONE',  ( 0.3499999999999999800, 0.1999999999999999800, -0.1000000000000000100 ) ) ;
#883 = PLANE ( 'NONE',  #851 ) ;
#884 = DIRECTION ( 'NONE',  ( 0.0000000000000000000, 0.0000000000000000000, 1.000000000000000000 ) ) ;
#885 = CARTESIAN_POINT ( 'NONE',  ( 0.1399999999999999900, 0.5999999999999999800, -0.05999999999999999800 ) ) ;
#886 = DIRECTION ( 'NONE',  ( 0.0000000000000000000, -1.000000000000000000, 0.0000000000000000000 ) ) ;
#887 = AXIS2_PLACEMENT_3D ( 'NONE', #199, #1014, #307 ) ;
#888 = ADVANCED_FACE ( 'NONE', ( #1323 ), #1032, .F. ) ;
#889 = CARTESIAN_POINT ( 'NONE',  ( 0.2380000000000000200, -0.2500000000000000600, 0.008999999999999992400 ) ) ;
#890 = DIRECTION ( 'NONE',  ( 0.0000000000000000000, -0.0000000000000000000, 1.000000000000000000 ) ) ;
#891 = DIRECTION ( 'NONE',  ( -0.0000000000000000000, -1.000000000000000000, 0.0000000000000000000 ) ) ;
#892 = DIRECTION ( 'NONE',  ( -0.0000000000000000000, 1.000000000000000000, -0.0000000000000000000 ) ) ;
#893 = EDGE_CURVE ( 'NONE', #399, #779, #1253, .T. ) ;
#894 = VERTEX_POINT ( 'NONE', #1294 ) ;
#895 = ORIENTED_EDGE ( 'NONE', *, *, #432, .F. ) ;
#896 = DIRECTION ( 'NONE',  ( 0.0000000000000000000, 0.0000000000000000000, 1.000000000000000000 ) ) ;
#897 = EDGE_LOOP ( 'NONE', ( #1490, #1365, #1260, #1129 ) ) ;
#898 = CIRCLE ( 'NONE', #487, 0.008999999999999992400 ) ;
#899 = CARTESIAN_POINT ( 'NONE',  ( -0.06259842519685038200, 0.2751968503937007900, 0.1000000000000000100 ) ) ;
#900 = CARTESIAN_POINT ( 'NONE',  ( 0.06259842519685038200, 0.2751968503937007900, -0.1000000000000000100 ) ) ;
#901 = ORIENTED_EDGE ( 'NONE', *, *, #754, .F. ) ;
#902 = LINE ( 'NONE', #1332, #245 ) ;
#903 = EDGE_LOOP ( 'NONE', ( #1322, #681, #1349, #1466 ) ) ;
#904 = CARTESIAN_POINT ( 'NONE',  ( -0.3499999999999999800, 0.1999999999999999800, 0.1000000000000000100 ) ) ;
#905 = EDGE_CURVE ( 'NONE', #399, #447, #1055, .T. ) ;
#906 = DIRECTION ( 'NONE',  ( 0.9244386010979276400, -0.3813309229528950600, 0.0000000000000000000 ) ) ;
#907 = DIRECTION ( 'NONE',  ( 0.3813309229528950000, -0.9244386010979275300, 0.0000000000000000000 ) ) ;
#908 = AXIS2_PLACEMENT_3D ( 'NONE', #460, #347, #1170 ) ;
#909 = FILL_AREA_STYLE ('',( #78 ) ) ;
#910 = DIRECTION ( 'NONE',  ( 0.0000000000000000000, 0.0000000000000000000, -1.000000000000000000 ) ) ;
#911 = ORIENTED_EDGE ( 'NONE', *, *, #608, .F. ) ;
#912 = DIRECTION ( 'NONE',  ( -1.000000000000000000, 0.0000000000000000000, 0.0000000000000000000 ) ) ;
#913 = ORIENTED_EDGE ( 'NONE', *, *, #341, .F. ) ;
#914 = EDGE_CURVE ( 'NONE', #982, #1020, #1062, .T. ) ;
#915 = ORIENTED_EDGE ( 'NONE', *, *, #1500, .T. ) ;
#916 = EDGE_CURVE ( 'NONE', #806, #336, #1425, .T. ) ;
#917 = SURFACE_STYLE_FILL_AREA ( #465 ) ;
#918 = PRESENTATION_STYLE_ASSIGNMENT (( #710 ) ) ;
#919 = ORIENTED_EDGE ( 'NONE', *, *, #1037, .F. ) ;
#920 = LINE ( 'NONE', #620, #872 ) ;
#921 = SURFACE_STYLE_FILL_AREA ( #753 ) ;
#922 = LINE ( 'NONE', #158, #935 ) ;
#923 = DIMENSIONAL_EXPONENTS ( 1.000000000000000000, 0.0000000000000000000, 0.0000000000000000000, 0.0000000000000000000, 0.0000000000000000000, 0.0000000000000000000, 0.0000000000000000000 ) ;
#924 = DIRECTION ( 'NONE',  ( 0.0000000000000000000, -1.000000000000000000, 0.0000000000000000000 ) ) ;
#925 = EDGE_CURVE ( 'NONE', #1276, #1346, #1467, .T. ) ;
#926 = CARTESIAN_POINT ( 'NONE',  ( 0.1380000000000000100, -0.2000000000000000100, 0.0000000000000000000 ) ) ;
#927 = AXIS2_PLACEMENT_3D ( 'NONE', #1514, #827, #127 ) ;
#928 = ORIENTED_EDGE ( 'NONE', *, *, #1140, .F. ) ;
#929 = EDGE_CURVE ( 'NONE', #1022, #519, #1401, .T. ) ;
#930 = ORIENTED_EDGE ( 'NONE', *, *, #972, .T. ) ;
#931 = CIRCLE ( 'NONE', #418, 0.02024500000000002000 ) ;
#932 = VECTOR ( 'NONE', #892, 39.37007874015748100 ) ;
#933 = LINE ( 'NONE', #953, #932 ) ;
#934 = ORIENTED_EDGE ( 'NONE', *, *, #616, .T. ) ;
#935 = VECTOR ( 'NONE', #629, 39.37007874015748100 ) ;
#936 = ORIENTED_EDGE ( 'NONE', *, *, #1398, .T. ) ;
#937 = EDGE_CURVE ( 'NONE', #599, #628, #1408, .T. ) ;
#938 = DIRECTION ( 'NONE',  ( -0.0000000000000000000, 1.000000000000000000, -0.0000000000000000000 ) ) ;
#939 = VERTEX_POINT ( 'NONE', #367 ) ;
#940 = CIRCLE ( 'NONE', #387, 0.008999999999999992400 ) ;
#941 = ORIENTED_EDGE ( 'NONE', *, *, #1206, .T. ) ;
#942 = EDGE_CURVE ( 'NONE', #1502, #56, #1390, .T. ) ;
#943 = VECTOR ( 'NONE', #876, 39.37007874015748100 ) ;
#944 = VECTOR ( 'NONE', #1048, 39.37007874015748100 ) ;
#945 = EDGE_LOOP ( 'NONE', ( #671, #849, #1485, #346 ) ) ;
#946 = FACE_OUTER_BOUND ( 'NONE', #8, .T. ) ;
#947 = ADVANCED_FACE ( 'NONE', ( #1375 ), #721, .F. ) ;
#948 = CYLINDRICAL_SURFACE ( 'NONE', #14, 0.008999999999999992400 ) ;
#949 = CARTESIAN_POINT ( 'NONE',  ( -0.01999999999999999000, 0.5989999999999999800, 0.05999999999999999800 ) ) ;
#950 = CARTESIAN_POINT ( 'NONE',  ( 0.1399999999999999900, 0.5989999999999999800, -0.05999999999999999800 ) ) ;
#951 = CARTESIAN_POINT ( 'NONE',  ( -0.2380000000000000200, -0.2500000000000000600, 0.0000000000000000000 ) ) ;
#952 = DIRECTION ( 'NONE',  ( 0.0000000000000000000, -0.0000000000000000000, -1.000000000000000000 ) ) ;
#953 = CARTESIAN_POINT ( 'NONE',  ( -0.2380000000000000200, -0.2500000000000000600, -0.008999999999999992400 ) ) ;
#954 = VERTEX_POINT ( 'NONE', #1068 ) ;
#955 = CARTESIAN_POINT ( 'NONE',  ( -0.2380000000000000200, -0.2000000000000000100, 0.0000000000000000000 ) ) ;
#956 = AXIS2_PLACEMENT_3D ( 'NONE', #1009, #303, #1114 ) ;
#957 = VERTEX_POINT ( 'NONE', #489 ) ;
#958 = DIRECTION ( 'NONE',  ( 0.0000000000000000000, 0.0000000000000000000, 1.000000000000000000 ) ) ;
#959 = VERTEX_POINT ( 'NONE', #1318 ) ;
#960 = CARTESIAN_POINT ( 'NONE',  ( -0.1380000000000000100, -0.2000000000000000100, -0.02024499999999998900 ) ) ;
#961 = FACE_OUTER_BOUND ( 'NONE', #318, .T. ) ;
#962 = CIRCLE ( 'NONE', #22, 0.008999999999999992400 ) ;
#963 = LINE ( 'NONE', #274, #1125 ) ;
#964 = EDGE_CURVE ( 'NONE', #1297, #1252, #898, .T. ) ;
#965 = FACE_OUTER_BOUND ( 'NONE', #230, .T. ) ;
#966 = ORIENTED_EDGE ( 'NONE', *, *, #1305, .F. ) ;
#967 = CARTESIAN_POINT ( 'NONE',  ( 0.2380000000000000200, -0.2500000000000000600, 0.0000000000000000000 ) ) ;
#968 = DIRECTION ( 'NONE',  ( 0.0000000000000000000, 1.000000000000000000, 0.0000000000000000000 ) ) ;
#969 = EDGE_LOOP ( 'NONE', ( #652, #1169, #541, #966 ) ) ;
#970 = FILL_AREA_STYLE_COLOUR ( '', #1363 ) ;
#971 = FILL_AREA_STYLE_COLOUR ( '', #438 ) ;
#972 = EDGE_CURVE ( 'NONE', #330, #273, #931, .T. ) ;
#973 =( CONVERSION_BASED_UNIT ( 'INCH', #401 ) LENGTH_UNIT ( ) NAMED_UNIT ( #443 ) );
#974 = PLANE ( 'NONE',  #66 ) ;
#975 = AXIS2_PLACEMENT_3D ( 'NONE', #1164, #690, #1506 ) ;
#976 = EDGE_LOOP ( 'NONE', ( #1119, #7, #1295, #814, #1266, #275 ) ) ;
#977 = VERTEX_POINT ( 'NONE', #612 ) ;
#978 = DIRECTION ( 'NONE',  ( 0.0000000000000000000, -1.000000000000000000, 0.0000000000000000000 ) ) ;
#979 = COLOUR_RGB ( '',1.000000000000000000, 1.000000000000000000, 1.000000000000000000 ) ;
#980 = DIRECTION ( 'NONE',  ( 0.0000000000000000000, 0.0000000000000000000, -1.000000000000000000 ) ) ;
#981 = CIRCLE ( 'NONE', #71, 0.008999999999999992400 ) ;
#982 = VERTEX_POINT ( 'NONE', #1082 ) ;
#983 = EDGE_CURVE ( 'NONE', #1030, #693, #940, .T. ) ;
#984 = FACE_OUTER_BOUND ( 'NONE', #1301, .T. ) ;
#985 = DIRECTION ( 'NONE',  ( 0.0000000000000000000, 0.0000000000000000000, -1.000000000000000000 ) ) ;
#986 = EDGE_CURVE ( 'NONE', #1262, #806, #920, .T. ) ;
#987 =( NAMED_UNIT ( * ) SI_UNIT ( $, .STERADIAN. ) SOLID_ANGLE_UNIT ( ) );
#988 = PLANE ( 'NONE',  #228 ) ;
#989 = ADVANCED_FACE ( 'NONE', ( #1248 ), #1207, .T. ) ;
#990 = DIRECTION ( 'NONE',  ( 0.0000000000000000000, 0.0000000000000000000, 1.000000000000000000 ) ) ;
#991 = DIRECTION ( 'NONE',  ( -1.000000000000000000, -0.0000000000000000000, -0.0000000000000000000 ) ) ;
#992 = CARTESIAN_POINT ( 'NONE',  ( -0.1380000000000000100, -0.2000000000000000100, 0.0000000000000000000 ) ) ;
#993 = EDGE_CURVE ( 'NONE', #1472, #1380, #1227, .T. ) ;
#994 = ORIENTED_EDGE ( 'NONE', *, *, #270, .F. ) ;
#995 = DIRECTION ( 'NONE',  ( -1.000000000000000000, -0.0000000000000000000, -0.0000000000000000000 ) ) ;
#996 = ADVANCED_FACE ( 'NONE', ( #961 ), #810, .T. ) ;
#997 = DIRECTION ( 'NONE',  ( 3.557093741750343000E-017, -0.0000000000000000000, -1.000000000000000000 ) ) ;
#998 = ORIENTED_EDGE ( 'NONE', *, *, #1004, .T. ) ;
#999 = DIRECTION ( 'NONE',  ( 0.0000000000000000000, 0.0000000000000000000, 1.000000000000000000 ) ) ;
#1000 = CARTESIAN_POINT ( 'NONE',  ( -0.2380000000000000200, -0.2000000000000000100, 0.02024500000000002000 ) ) ;
#1001 = ORIENTED_EDGE ( 'NONE', *, *, #684, .F. ) ;
#1002 = FACE_BOUND ( 'NONE', #1433, .T. ) ;
#1003 = ORIENTED_EDGE ( 'NONE', *, *, #781, .F. ) ;
#1004 = EDGE_CURVE ( 'NONE', #779, #161, #865, .T. ) ;
#1005 = CARTESIAN_POINT ( 'NONE',  ( -0.1399999999999999900, 0.5989999999999999800, 0.05999999999999999800 ) ) ;
#1006 = EDGE_LOOP ( 'NONE', ( #1059, #397, #422, #1092 ) ) ;
#1007 = CARTESIAN_POINT ( 'NONE',  ( 0.2380000000000000200, -3.414809992080329000E-017, 0.0000000000000000000 ) ) ;
#1008 = UNCERTAINTY_MEASURE_WITH_UNIT (LENGTH_MEASURE( 1.000000000000000100E-005 ), #1476, 'distance_accuracy_value', 'NONE');
#1009 = CARTESIAN_POINT ( 'NONE',  ( 0.2380000000000000200, -0.2000000000000000100, 0.0000000000000000000 ) ) ;
#1010 = DIRECTION ( 'NONE',  ( 0.0000000000000000000, 0.0000000000000000000, -1.000000000000000000 ) ) ;
#1011 = CARTESIAN_POINT ( 'NONE',  ( -0.01999999999999998700, 0.5999999999999999800, -0.05999999999999999800 ) ) ;
#1012 = CARTESIAN_POINT ( 'NONE',  ( -0.1380000000000000100, -0.2500000000000000600, 0.0000000000000000000 ) ) ;
#1013 = AXIS2_PLACEMENT_3D ( 'NONE', #1115, #413, #524 ) ;
#1014 = DIRECTION ( 'NONE',  ( 0.0000000000000000000, 0.0000000000000000000, 1.000000000000000000 ) ) ;
#1015 = DIRECTION ( 'NONE',  ( -0.0000000000000000000, 1.000000000000000000, -0.0000000000000000000 ) ) ;
#1016 = EDGE_CURVE ( 'NONE', #894, #305, #830, .T. ) ;
#1017 = ORIENTED_EDGE ( 'NONE', *, *, #1505, .T. ) ;
#1018 = LINE ( 'NONE', #1096, #1446 ) ;
#1019 = SURFACE_STYLE_USAGE ( .BOTH. , #209 ) ;
#1020 = VERTEX_POINT ( 'NONE', #881 ) ;
#1021 = DIRECTION ( 'NONE',  ( 0.0000000000000000000, 0.0000000000000000000, 1.000000000000000000 ) ) ;
#1022 = VERTEX_POINT ( 'NONE', #50 ) ;
#1023 = ORIENTED_EDGE ( 'NONE', *, *, #937, .T. ) ;
#1024 = EDGE_CURVE ( 'NONE', #315, #305, #871, .T. ) ;
#1025 = CARTESIAN_POINT ( 'NONE',  ( 0.1850000000000000000, 0.5999999999999999800, -0.1000000000000000100 ) ) ;
#1026 = DIMENSIONAL_EXPONENTS ( 1.000000000000000000, 0.0000000000000000000, 0.0000000000000000000, 0.0000000000000000000, 0.0000000000000000000, 0.0000000000000000000, 0.0000000000000000000 ) ;
#1027 = AXIS2_PLACEMENT_3D ( 'NONE', #411, #386, #361 ) ;
#1028 = ORIENTED_EDGE ( 'NONE', *, *, #1037, .T. ) ;
#1029 = DIMENSIONAL_EXPONENTS ( 1.000000000000000000, 0.0000000000000000000, 0.0000000000000000000, 0.0000000000000000000, 0.0000000000000000000, 0.0000000000000000000, 0.0000000000000000000 ) ;
#1030 = VERTEX_POINT ( 'NONE', #398 ) ;
#1031 = EDGE_LOOP ( 'NONE', ( #1421, #1269, #233, #646 ) ) ;
#1032 = CYLINDRICAL_SURFACE ( 'NONE', #766, 0.06259842519685036900 ) ;
#1033 = CIRCLE ( 'NONE', #927, 0.02024500000000002000 ) ;
#1034 = EDGE_LOOP ( 'NONE', ( #617, #1293 ) ) ;
#1035 = PRESENTATION_LAYER_ASSIGNMENT (  '', '', ( #1108 ) ) ;
#1036 = DIMENSIONAL_EXPONENTS ( 1.000000000000000000, 0.0000000000000000000, 0.0000000000000000000, 0.0000000000000000000, 0.0000000000000000000, 0.0000000000000000000, 0.0000000000000000000 ) ;
#1037 = EDGE_CURVE ( 'NONE', #1020, #982, #1319, .T. ) ;
#1038 = ORIENTED_EDGE ( 'NONE', *, *, #1126, .F. ) ;
#1039 = EDGE_CURVE ( 'NONE', #959, #315, #445, .T. ) ;
#1040 = CARTESIAN_POINT ( 'NONE',  ( 0.1399999999999999900, 0.5989999999999999800, -0.05999999999999999800 ) ) ;
#1041 = LENGTH_MEASURE_WITH_UNIT ( LENGTH_MEASURE( 0.02539999999999999900 ), #1482 );
#1042 = ORIENTED_EDGE ( 'NONE', *, *, #514, .T. ) ;
#1043 = FACE_OUTER_BOUND ( 'NONE', #112, .T. ) ;
#1044 = ORIENTED_EDGE ( 'NONE', *, *, #1435, .F. ) ;
#1045 = AXIS2_PLACEMENT_3D ( 'NONE', #567, #1397, #700 ) ;
#1046 = CARTESIAN_POINT ( 'NONE',  ( 0.2380000000000000200, -0.2500000000000000600, 0.008999999999999992400 ) ) ;
#1047 = ORIENTED_EDGE ( 'NONE', *, *, #1455, .F. ) ;
#1048 = DIRECTION ( 'NONE',  ( -0.0000000000000000000, 1.000000000000000000, -0.0000000000000000000 ) ) ;
#1049 = ADVANCED_FACE ( 'NONE', ( #1073 ), #508, .F. ) ;
#1050 = EDGE_CURVE ( 'NONE', #959, #894, #622, .T. ) ;
#1051 = PLANE ( 'NONE',  #908 ) ;
#1052 = EDGE_CURVE ( 'NONE', #1262, #1154, #626, .T. ) ;
#1053 = DIRECTION ( 'NONE',  ( -0.0000000000000000000, 1.000000000000000000, -0.0000000000000000000 ) ) ;
#1054 = DIRECTION ( 'NONE',  ( -0.0000000000000000000, 0.0000000000000000000, -1.000000000000000000 ) ) ;
#1055 = CIRCLE ( 'NONE', #819, 0.02024500000000002000 ) ;
#1056 = ORIENTED_EDGE ( 'NONE', *, *, #822, .F. ) ;
#1057 = ADVANCED_FACE ( 'NONE', ( #618 ), #1521, .T. ) ;
#1058 = DIRECTION ( 'NONE',  ( 0.0000000000000000000, 0.0000000000000000000, 1.000000000000000000 ) ) ;
#1059 = ORIENTED_EDGE ( 'NONE', *, *, #1218, .T. ) ;
#1060 = EDGE_CURVE ( 'NONE', #197, #954, #575, .T. ) ;
#1061 = ORIENTED_EDGE ( 'NONE', *, *, #432, .T. ) ;
#1062 = CIRCLE ( 'NONE', #817, 0.008999999999999992400 ) ;
#1063 = EDGE_LOOP ( 'NONE', ( #366, #1042 ) ) ;
#1064 = DIRECTION ( 'NONE',  ( 0.0000000000000000000, 0.0000000000000000000, -1.000000000000000000 ) ) ;
#1065 = DIRECTION ( 'NONE',  ( -0.0000000000000000000, -1.000000000000000000, -0.0000000000000000000 ) ) ;
#1066 = EDGE_CURVE ( 'NONE', #1091, #1185, #664, .T. ) ;
#1067 = DIRECTION ( 'NONE',  ( 0.0000000000000000000, 0.0000000000000000000, -1.000000000000000000 ) ) ;
#1068 = CARTESIAN_POINT ( 'NONE',  ( -0.1380000000000000100, -3.414809992080329000E-017, -0.02024499999999998900 ) ) ;
#1069 = AXIS2_PLACEMENT_3D ( 'NONE', #1359, #906, #203 ) ;
#1070 = ORIENTED_EDGE ( 'NONE', *, *, #433, .F. ) ;
#1071 = FILL_AREA_STYLE ('',( #971 ) ) ;
#1072 = DIRECTION ( 'NONE',  ( 0.0000000000000000000, 0.0000000000000000000, -1.000000000000000000 ) ) ;
#1073 = FACE_OUTER_BOUND ( 'NONE', #218, .T. ) ;
#1074 = CIRCLE ( 'NONE', #385, 0.008999999999999992400 ) ;
#1075 = LENGTH_MEASURE_WITH_UNIT ( LENGTH_MEASURE( 0.02539999999999999900 ), #492 );
#1076 = EDGE_CURVE ( 'NONE', #1429, #689, #570, .T. ) ;
#1077 = ORIENTED_EDGE ( 'NONE', *, *, #1052, .T. ) ;
#1078 = DIRECTION ( 'NONE',  ( -0.0000000000000000000, 0.0000000000000000000, 1.000000000000000000 ) ) ;
#1079 =( NAMED_UNIT ( * ) SI_UNIT ( $, .STERADIAN. ) SOLID_ANGLE_UNIT ( ) );
#1080 = EDGE_LOOP ( 'NONE', ( #755, #337, #1038, #117 ) ) ;
#1081 = FILL_AREA_STYLE ('',( #860 ) ) ;
#1082 = CARTESIAN_POINT ( 'NONE',  ( -0.2380000000000000200, -0.2000000000000000100, 0.008999999999999992400 ) ) ;
#1083 = CARTESIAN_POINT ( 'NONE',  ( 0.1380000000000000100, -3.414809992080329000E-017, -0.02024499999999998500 ) ) ;
#1084 = EDGE_CURVE ( 'NONE', #689, #959, #579, .T. ) ;
#1085 = DIRECTION ( 'NONE',  ( 0.0000000000000000000, 0.0000000000000000000, 1.000000000000000000 ) ) ;
#1086 = CARTESIAN_POINT ( 'NONE',  ( 0.2380000000000000200, -3.414809992080329000E-017, -0.02024500000000002000 ) ) ;
#1087 = ORIENTED_EDGE ( 'NONE', *, *, #1315, .F. ) ;
#1088 = CARTESIAN_POINT ( 'NONE',  ( -0.06259842519685038200, 0.2751968503937007900, 0.1000000000000000100 ) ) ;
#1089 = PRESENTATION_STYLE_ASSIGNMENT (( #581 ) ) ;
#1090 = DIRECTION ( 'NONE',  ( -0.9244386010979276400, -0.3813309229528950600, 0.0000000000000000000 ) ) ;
#1091 = VERTEX_POINT ( 'NONE', #1184 ) ;
#1092 = ORIENTED_EDGE ( 'NONE', *, *, #1362, .T. ) ;
#1093 = AXIS2_PLACEMENT_3D ( 'NONE', #1272, #565, #1395 ) ;
#1094 = PRODUCT_DEFINITION_SHAPE ( 'NONE', 'NONE',  #266 ) ;
#1095 = LINE ( 'NONE', #589, #1158 ) ;
#1096 = CARTESIAN_POINT ( 'NONE',  ( -0.3499999999999999800, 0.1999999999999999800, -0.1000000000000000100 ) ) ;
#1097 = UNCERTAINTY_MEASURE_WITH_UNIT (LENGTH_MEASURE( 1.000000000000000100E-005 ), #1326, 'distance_accuracy_value', 'NONE');
#1098 = ORIENTED_EDGE ( 'NONE', *, *, #742, .T. ) ;
#1099 = FACE_OUTER_BOUND ( 'NONE', #522, .T. ) ;
#1100 = DIRECTION ( 'NONE',  ( 0.0000000000000000000, 0.0000000000000000000, 1.000000000000000000 ) ) ;
#1101 = DIRECTION ( 'NONE',  ( -0.0000000000000000000, 1.000000000000000000, -0.0000000000000000000 ) ) ;
#1102 = ORIENTED_EDGE ( 'NONE', *, *, #1112, .F. ) ;
#1103 = ADVANCED_FACE ( 'NONE', ( #506 ), #483, .T. ) ;
#1104 = COLOUR_RGB ( '',1.000000000000000000, 1.000000000000000000, 1.000000000000000000 ) ;
#1105 = CARTESIAN_POINT ( 'NONE',  ( -0.1380000000000000100, -0.2500000000000000600, 0.008999999999999992400 ) ) ;
#1106 = SURFACE_SIDE_STYLE ('',( #785 ) ) ;
#1107 = PLANE ( 'NONE',  #214 ) ;
#1108 = STYLED_ITEM ( 'NONE', ( #1121 ), #1372 ) ;
#1109 = CARTESIAN_POINT ( 'NONE',  ( 0.06259842519685038200, 0.2751968503937007900, 0.1000000000000000100 ) ) ;
#1110 = CARTESIAN_POINT ( 'NONE',  ( 0.2380000000000000200, -0.2000000000000000100, 0.02024500000000002000 ) ) ;
#1111 = CARTESIAN_POINT ( 'NONE',  ( 0.2380000000000000200, -0.2000000000000000100, 0.02024500000000002000 ) ) ;
#1112 = EDGE_CURVE ( 'NONE', #315, #1312, #545, .T. ) ;
#1113 = ORIENTED_EDGE ( 'NONE', *, *, #1140, .T. ) ;
#1114 = DIRECTION ( 'NONE',  ( 0.0000000000000000000, -0.0000000000000000000, -1.000000000000000000 ) ) ;
#1115 = CARTESIAN_POINT ( 'NONE',  ( 0.1380000000000000100, -0.2000000000000000100, 0.0000000000000000000 ) ) ;
#1116 = ORIENTED_EDGE ( 'NONE', *, *, #893, .F. ) ;
#1117 = DIRECTION ( 'NONE',  ( -0.0000000000000000000, 1.000000000000000000, -0.0000000000000000000 ) ) ;
#1118 = DIRECTION ( 'NONE',  ( 3.557093741750343000E-017, -0.0000000000000000000, -1.000000000000000000 ) ) ;
#1119 = ORIENTED_EDGE ( 'NONE', *, *, #1076, .T. ) ;
#1120 = PRESENTATION_STYLE_ASSIGNMENT (( #1496 ) ) ;
#1121 = PRESENTATION_STYLE_ASSIGNMENT (( #1195 ) ) ;
#1122 = DIRECTION ( 'NONE',  ( -0.0000000000000000000, -0.0000000000000000000, -1.000000000000000000 ) ) ;
#1123 = SURFACE_STYLE_FILL_AREA ( #79 ) ;
#1124 = ORIENTED_EDGE ( 'NONE', *, *, #341, .T. ) ;
#1125 = VECTOR ( 'NONE', #1201, 39.37007874015748100 ) ;
#1126 = EDGE_CURVE ( 'NONE', #1312, #1422, #537, .T. ) ;
#1127 =( LENGTH_UNIT ( ) NAMED_UNIT ( * ) SI_UNIT ( $, .METRE. ) );
#1128 = LINE ( 'NONE', #210, #1142 ) ;
#1129 = ORIENTED_EDGE ( 'NONE', *, *, #1315, .T. ) ;
#1130 = AXIS2_PLACEMENT_3D ( 'NONE', #625, #746, #1440 ) ;
#1131 =( CONVERSION_BASED_UNIT ( 'INCH', #83 ) LENGTH_UNIT ( ) NAMED_UNIT ( #1036 ) );
#1132 = CARTESIAN_POINT ( 'NONE',  ( -0.01999999999999998700, 0.5989999999999999800, -0.05999999999999999800 ) ) ;
#1133 = DIRECTION ( 'NONE',  ( 0.0000000000000000000, 0.0000000000000000000, 1.000000000000000000 ) ) ;
#1134 = DIRECTION ( 'NONE',  ( -1.000000000000000000, 0.0000000000000000000, 0.0000000000000000000 ) ) ;
#1135 = ADVANCED_FACE ( 'NONE', ( #469 ), #1187, .T. ) ;
#1136 = CARTESIAN_POINT ( 'NONE',  ( 0.3499999999999999800, 0.1999999999999999800, 0.1000000000000000100 ) ) ;
#1137 = EDGE_CURVE ( 'NONE', #1422, #1429, #1275, .T. ) ;
#1138 = ORIENTED_EDGE ( 'NONE', *, *, #1016, .F. ) ;
#1139 = LENGTH_MEASURE_WITH_UNIT ( LENGTH_MEASURE( 0.02539999999999999900 ), #725 );
#1140 = EDGE_CURVE ( 'NONE', #234, #1262, #34, .T. ) ;
#1141 = EDGE_LOOP ( 'NONE', ( #732, #562 ) ) ;
#1142 = VECTOR ( 'NONE', #658, 39.37007874015748100 ) ;
#1143 = VERTEX_POINT ( 'NONE', #722 ) ;
#1144 = CARTESIAN_POINT ( 'NONE',  ( 0.1380000000000000100, -0.2500000000000000600, 0.0000000000000000000 ) ) ;
#1145 = CIRCLE ( 'NONE', #1507, 0.06259842519685038200 ) ;
#1146 = VECTOR ( 'NONE', #780, 39.37007874015748100 ) ;
#1147 = COLOUR_RGB ( '',1.000000000000000000, 1.000000000000000000, 1.000000000000000000 ) ;
#1148 = ORIENTED_EDGE ( 'NONE', *, *, #684, .T. ) ;
#1149 = CYLINDRICAL_SURFACE ( 'NONE', #189, 0.008999999999999992400 ) ;
#1150 = DIRECTION ( 'NONE',  ( 0.0000000000000000000, 0.0000000000000000000, 1.000000000000000000 ) ) ;
#1151 = PRODUCT_DEFINITION_CONTEXT ( 'detailed design', #792, 'design' ) ;
#1152 = EDGE_CURVE ( 'NONE', #554, #1488, #1145, .T. ) ;
#1153 = EDGE_LOOP ( 'NONE', ( #941, #1087, #380, #717 ) ) ;
#1154 = VERTEX_POINT ( 'NONE', #1423 ) ;
#1155 = ORIENTED_EDGE ( 'NONE', *, *, #820, .T. ) ;
#1156 = AXIS2_PLACEMENT_3D ( 'NONE', #390, #498, #1230 ) ;
#1157 = MANIFOLD_SOLID_BREP ( 'Lensing Cut', #1246 ) ;
#1158 = VECTOR ( 'NONE', #593, 39.37007874015748100 ) ;
#1159 = SURFACE_STYLE_FILL_AREA ( #1081 ) ;
#1160 = VERTEX_POINT ( 'NONE', #484 ) ;
#1161 = VECTOR ( 'NONE', #728, 39.37007874015748100 ) ;
#1162 = EDGE_LOOP ( 'NONE', ( #316, #97, #831, #1483 ) ) ;
#1163 = EDGE_CURVE ( 'NONE', #957, #1403, #301, .T. ) ;
#1164 = CARTESIAN_POINT ( 'NONE',  ( 0.0000000000000000000, 0.0000000000000000000, 0.1000000000000000100 ) ) ;
#1165 = DIRECTION ( 'NONE',  ( -0.0000000000000000000, 1.000000000000000000, -0.0000000000000000000 ) ) ;
#1166 = ADVANCED_FACE ( 'NONE', ( #181 ), #726, .F. ) ;
#1167 = ORIENTED_EDGE ( 'NONE', *, *, #657, .F. ) ;
#1168 = EDGE_CURVE ( 'NONE', #709, #554, #282, .T. ) ;
#1169 = ORIENTED_EDGE ( 'NONE', *, *, #1186, .T. ) ;
#1170 = DIRECTION ( 'NONE',  ( 0.0000000000000000000, -0.0000000000000000000, -1.000000000000000000 ) ) ;
#1171 = SURFACE_STYLE_FILL_AREA ( #1071 ) ;
#1172 = CIRCLE ( 'NONE', #231, 0.008999999999999992400 ) ;
#1173 = VERTEX_POINT ( 'NONE', #1330 ) ;
#1174 = VECTOR ( 'NONE', #759, 39.37007874015748900 ) ;
#1175 = CYLINDRICAL_SURFACE ( 'NONE', #195, 0.02024499999999998900 ) ;
#1176 = CYLINDRICAL_SURFACE ( 'NONE', #1182, 0.06259842519685038200 ) ;
#1177 = ADVANCED_FACE ( 'NONE', ( #259 ), #496, .F. ) ;
#1178 = DIRECTION ( 'NONE',  ( -0.0000000000000000000, 1.000000000000000000, -0.0000000000000000000 ) ) ;
#1179 = CARTESIAN_POINT ( 'NONE',  ( -0.2380000000000000200, -0.2500000000000000600, 0.0000000000000000000 ) ) ;
#1180 = CARTESIAN_POINT ( 'NONE',  ( 0.1399999999999999900, 0.5999999999999999800, 0.05999999999999999800 ) ) ;
#1181 = CARTESIAN_POINT ( 'NONE',  ( 0.1399999999999999900, 0.5989999999999999800, 0.05999999999999999800 ) ) ;
#1182 = AXIS2_PLACEMENT_3D ( 'NONE', #531, #1072, #372 ) ;
#1183 = CARTESIAN_POINT ( 'NONE',  ( 0.1399999999999999900, 0.5989999999999999800, -0.05999999999999999800 ) ) ;
#1184 = CARTESIAN_POINT ( 'NONE',  ( 0.2380000000000000200, -3.414809992080329000E-017, 0.02024500000000002000 ) ) ;
#1185 = VERTEX_POINT ( 'NONE', #1086 ) ;
#1186 = EDGE_CURVE ( 'NONE', #1441, #709, #760, .T. ) ;
#1187 = PLANE ( 'NONE',  #727 ) ;
#1188 = FACE_OUTER_BOUND ( 'NONE', #325, .T. ) ;
#1189 = ORIENTED_EDGE ( 'NONE', *, *, #122, .F. ) ;
#1190 = FACE_OUTER_BOUND ( 'NONE', #1279, .T. ) ;
#1191 = ORIENTED_EDGE ( 'NONE', *, *, #527, .F. ) ;
#1192 = DIRECTION ( 'NONE',  ( 0.0000000000000000000, -1.000000000000000000, 0.0000000000000000000 ) ) ;
#1193 = EDGE_CURVE ( 'NONE', #1488, #1441, #279, .T. ) ;
#1194 = DIRECTION ( 'NONE',  ( 2.045664476387744500E-016, 1.000000000000000000, -0.0000000000000000000 ) ) ;
#1195 = SURFACE_STYLE_USAGE ( .BOTH. , #374 ) ;
#1196 = AXIS2_PLACEMENT_3D ( 'NONE', #1355, #1117, #884 ) ;
#1197 = ORIENTED_EDGE ( 'NONE', *, *, #1463, .F. ) ;
#1198 = AXIS2_PLACEMENT_3D ( 'NONE', #1007, #891, #526 ) ;
#1199 = CARTESIAN_POINT ( 'NONE',  ( 0.2380000000000000200, -0.2000000000000000100, 0.0000000000000000000 ) ) ;
#1200 = FILL_AREA_STYLE_COLOUR ( '', #80 ) ;
#1201 = DIRECTION ( 'NONE',  ( 0.0000000000000000000, 0.0000000000000000000, 1.000000000000000000 ) ) ;
#1202 = DIRECTION ( 'NONE',  ( 0.0000000000000000000, -0.0000000000000000000, -1.000000000000000000 ) ) ;
#1203 = CYLINDRICAL_SURFACE ( 'NONE', #712, 0.02024499999999998900 ) ;
#1204 = FACE_OUTER_BOUND ( 'NONE', #854, .T. ) ;
#1205 = ORIENTED_EDGE ( 'NONE', *, *, #24, .F. ) ;
#1206 = EDGE_CURVE ( 'NONE', #1160, #1143, #1018, .T. ) ;
#1207 = CYLINDRICAL_SURFACE ( 'NONE', #334, 0.008999999999999992400 ) ;
#1208 = COLOUR_RGB ( '',1.000000000000000000, 1.000000000000000000, 1.000000000000000000 ) ;
#1209 = DIRECTION ( 'NONE',  ( -0.0000000000000000000, 1.000000000000000000, -0.0000000000000000000 ) ) ;
#1210 = DIRECTION ( 'NONE',  ( -0.0000000000000000000, 0.0000000000000000000, -1.000000000000000000 ) ) ;
#1211 = DIRECTION ( 'NONE',  ( 1.000000000000000000, 2.045664476387744000E-016, 0.0000000000000000000 ) ) ;
#1212 = FACE_BOUND ( 'NONE', #244, .T. ) ;
#1213 = DIRECTION ( 'NONE',  ( 0.0000000000000000000, -1.000000000000000000, 0.0000000000000000000 ) ) ;
#1214 = CARTESIAN_POINT ( 'NONE',  ( 0.3499999999999999800, -2.939152317953647400E-017, -0.1000000000000000100 ) ) ;
#1215 = DIRECTION ( 'NONE',  ( 0.0000000000000000000, 0.0000000000000000000, 1.000000000000000000 ) ) ;
#1216 = ADVANCED_FACE ( 'NONE', ( #201 ), #1203, .T. ) ;
#1217 = PLANE ( 'NONE',  #253 ) ;
#1218 = EDGE_CURVE ( 'NONE', #110, #1160, #100, .T. ) ;
#1219 = DIRECTION ( 'NONE',  ( 1.000000000000000000, -0.0000000000000000000, -0.0000000000000000000 ) ) ;
#1220 = DIRECTION ( 'NONE',  ( 0.0000000000000000000, 0.0000000000000000000, 1.000000000000000000 ) ) ;
#1221 =( LENGTH_UNIT ( ) NAMED_UNIT ( * ) SI_UNIT ( $, .METRE. ) );
#1222 = DIRECTION ( 'NONE',  ( -0.0000000000000000000, 1.000000000000000000, -0.0000000000000000000 ) ) ;
#1223 = ORIENTED_EDGE ( 'NONE', *, *, #916, .F. ) ;
#1224 = CARTESIAN_POINT ( 'NONE',  ( 0.06259842519685038200, 0.2751968503937007900, -0.1000000000000000100 ) ) ;
#1225 = ORIENTED_EDGE ( 'NONE', *, *, #77, .F. ) ;
#1226 = EDGE_CURVE ( 'NONE', #407, #110, #114, .T. ) ;
#1227 = CIRCLE ( 'NONE', #359, 0.02024499999999998500 ) ;
#1228 = PRESENTATION_STYLE_ASSIGNMENT (( #1491 ) ) ;
#1229 = CARTESIAN_POINT ( 'NONE',  ( 0.1380000000000000100, -3.414809992080329000E-017, 0.02024499999999998500 ) ) ;
#1230 = DIRECTION ( 'NONE',  ( 0.0000000000000000000, 0.0000000000000000000, 1.000000000000000000 ) ) ;
#1231 = CARTESIAN_POINT ( 'NONE',  ( 0.3499999999999999800, -2.939152317953647400E-017, 0.1000000000000000100 ) ) ;
#1232 = FACE_OUTER_BOUND ( 'NONE', #529, .T. ) ;
#1233 = VERTEX_POINT ( 'NONE', #1105 ) ;
#1234 = VECTOR ( 'NONE', #1434, 39.37007874015748100 ) ;
#1235 = LINE ( 'NONE', #1247, #1146 ) ;
#1236 = ORIENTED_EDGE ( 'NONE', *, *, #1486, .F. ) ;
#1237 = CARTESIAN_POINT ( 'NONE',  ( 0.3499999999999999800, 0.1999999999999999800, 0.1000000000000000100 ) ) ;
#1238 = AXIS2_PLACEMENT_3D ( 'NONE', #19, #4, #999 ) ;
#1239 = DIRECTION ( 'NONE',  ( 0.0000000000000000000, 0.0000000000000000000, -1.000000000000000000 ) ) ;
#1240 = CARTESIAN_POINT ( 'NONE',  ( 0.01999999999999999000, 0.5999999999999999800, -0.05999999999999999100 ) ) ;
#1241 = STYLED_ITEM ( 'NONE', ( #154 ), #289 ) ;
#1242 =( NAMED_UNIT ( * ) PLANE_ANGLE_UNIT ( ) SI_UNIT ( $, .RADIAN. ) );
#1243 = DIRECTION ( 'NONE',  ( 1.000000000000000000, 0.0000000000000000000, -0.0000000000000000000 ) ) ;
#1244 = EDGE_CURVE ( 'NONE', #305, #407, #28, .T. ) ;
#1245 =( NAMED_UNIT ( * ) SI_UNIT ( $, .STERADIAN. ) SOLID_ANGLE_UNIT ( ) );
#1246 = CLOSED_SHELL ( 'NONE', ( #585, #400, #511, #180, #286, #1103, #1216, #878, #1445, #573, #52, #1287, #212, #793, #462, #1518, #1166, #756, #350, #313, #1339, #1399, #888, #129, #90, #391, #1511, #996, #705, #1135, #989, #125, #639, #826, #1251, #1057, #699, #1372, #539, #947, #1456, #1177, #1049, #243, #673, #502 ) ) ;
#1247 = CARTESIAN_POINT ( 'NONE',  ( -0.01999999999999999000, 0.5989999999999999800, 0.05999999999999999800 ) ) ;
#1248 = FACE_OUTER_BOUND ( 'NONE', #32, .T. ) ;
#1249 = ORIENTED_EDGE ( 'NONE', *, *, #24, .T. ) ;
#1250 = LINE ( 'NONE', #1132, #1284 ) ;
#1251 = ADVANCED_FACE ( 'NONE', ( #31 ), #838, .T. ) ;
#1252 = VERTEX_POINT ( 'NONE', #58 ) ;
#1253 = LINE ( 'NONE', #590, #1492 ) ;
#1254 = FACE_OUTER_BOUND ( 'NONE', #1006, .T. ) ;
#1255 = EDGE_CURVE ( 'NONE', #1143, #894, #81, .T. ) ;
#1256 = CARTESIAN_POINT ( 'NONE',  ( -0.1850000000000000000, 0.5999999999999999800, 0.1000000000000000100 ) ) ;
#1257 = AXIS2_PLACEMENT_3D ( 'NONE', #192, #69, #62 ) ;
#1258 = DIMENSIONAL_EXPONENTS ( 1.000000000000000000, 0.0000000000000000000, 0.0000000000000000000, 0.0000000000000000000, 0.0000000000000000000, 0.0000000000000000000, 0.0000000000000000000 ) ;
#1259 = DIRECTION ( 'NONE',  ( 0.0000000000000000000, 0.0000000000000000000, 1.000000000000000000 ) ) ;
#1260 = ORIENTED_EDGE ( 'NONE', *, *, #1084, .F. ) ;
#1261 = ORIENTED_EDGE ( 'NONE', *, *, #670, .F. ) ;
#1262 = VERTEX_POINT ( 'NONE', #768 ) ;
#1263 = MECHANICAL_DESIGN_GEOMETRIC_PRESENTATION_REPRESENTATION (  '', ( #1108 ), #1353 ) ;
#1264 = CYLINDRICAL_SURFACE ( 'NONE', #268, 0.02024500000000002000 ) ;
#1265 = VECTOR ( 'NONE', #416, 39.37007874015748100 ) ;
#1266 = ORIENTED_EDGE ( 'NONE', *, *, #1126, .T. ) ;
#1267 = LINE ( 'NONE', #904, #1265 ) ;
#1268 = FACE_OUTER_BOUND ( 'NONE', #1080, .T. ) ;
#1269 = ORIENTED_EDGE ( 'NONE', *, *, #1168, .F. ) ;
#1270 = EDGE_CURVE ( 'NONE', #105, #741, #116, .T. ) ;
#1271 = EDGE_CURVE ( 'NONE', #741, #530, #102, .T. ) ;
#1272 = CARTESIAN_POINT ( 'NONE',  ( -0.1380000000000000100, -0.2000000000000000100, 0.0000000000000000000 ) ) ;
#1273 = ORIENTED_EDGE ( 'NONE', *, *, #942, .T. ) ;
#1274 = ORIENTED_EDGE ( 'NONE', *, *, #1039, .F. ) ;
#1275 = LINE ( 'NONE', #17, #500 ) ;
#1276 = VERTEX_POINT ( 'NONE', #889 ) ;
#1277 =( GEOMETRIC_REPRESENTATION_CONTEXT ( 3 ) GLOBAL_UNCERTAINTY_ASSIGNED_CONTEXT ( ( #1285 ) ) GLOBAL_UNIT_ASSIGNED_CONTEXT ( ( #48, #43, #33 ) ) REPRESENTATION_CONTEXT ( 'NONE', 'WORKASPACE' ) );
#1278 = FACE_BOUND ( 'NONE', #945, .T. ) ;
#1279 = EDGE_LOOP ( 'NONE', ( #9, #453, #509, #260, #1138, #799 ) ) ;
#1280 = CARTESIAN_POINT ( 'NONE',  ( -0.1380000000000000100, -0.2000000000000000100, 0.02024499999999998900 ) ) ;
#1281 = FACE_BOUND ( 'NONE', #583, .T. ) ;
#1282 = ORIENTED_EDGE ( 'NONE', *, *, #1066, .T. ) ;
#1283 = LINE ( 'NONE', #521, #1321 ) ;
#1284 = VECTOR ( 'NONE', #1118, 39.37007874015748100 ) ;
#1285 = UNCERTAINTY_MEASURE_WITH_UNIT (LENGTH_MEASURE( 1.000000000000000100E-005 ), #48, 'distance_accuracy_value', 'NONE');
#1286 = SURFACE_SIDE_STYLE ('',( #917 ) ) ;
#1287 = ADVANCED_FACE ( 'NONE', ( #1391, #525 ), #1462, .T. ) ;
#1288 = CARTESIAN_POINT ( 'NONE',  ( 0.01999999999999998700, 0.5989999999999999800, -0.05999999999999999800 ) ) ;
#1289 = AXIS2_PLACEMENT_3D ( 'NONE', #739, #27, #861 ) ;
#1290 = CARTESIAN_POINT ( 'NONE',  ( -0.3499999999999999800, -2.939152317953647400E-017, 0.1000000000000000100 ) ) ;
#1291 = CARTESIAN_POINT ( 'NONE',  ( 0.3499999999999999800, -2.939152317953647400E-017, -0.1000000000000000100 ) ) ;
#1292 = EDGE_CURVE ( 'NONE', #530, #280, #1327, .T. ) ;
#1293 = ORIENTED_EDGE ( 'NONE', *, *, #863, .F. ) ;
#1294 = CARTESIAN_POINT ( 'NONE',  ( -0.3499999999999999800, -2.939152317953647400E-017, -0.1000000000000000100 ) ) ;
#1295 = ORIENTED_EDGE ( 'NONE', *, *, #1039, .T. ) ;
#1296 = CARTESIAN_POINT ( 'NONE',  ( -0.1380000000000000100, -3.414809992080329000E-017, 0.0000000000000000000 ) ) ;
#1297 = VERTEX_POINT ( 'NONE', #1470 ) ;
#1298 = DIRECTION ( 'NONE',  ( 0.0000000000000000000, 1.000000000000000000, -0.0000000000000000000 ) ) ;
#1299 = LINE ( 'NONE', #701, #1320 ) ;
#1300 = FACE_OUTER_BOUND ( 'NONE', #1162, .T. ) ;
#1301 = EDGE_LOOP ( 'NONE', ( #665, #1317, #934, #538 ) ) ;
#1302 = DIRECTION ( 'NONE',  ( 0.0000000000000000000, -1.000000000000000000, 0.0000000000000000000 ) ) ;
#1303 = CARTESIAN_POINT ( 'NONE',  ( 0.2380000000000000200, -0.2500000000000000600, 0.0000000000000000000 ) ) ;
#1304 = EDGE_LOOP ( 'NONE', ( #828, #75, #304, #998 ) ) ;
#1305 = EDGE_CURVE ( 'NONE', #280, #105, #1503, .T. ) ;
#1306 = DIRECTION ( 'NONE',  ( 0.0000000000000000000, -1.000000000000000000, 0.0000000000000000000 ) ) ;
#1307 = DIRECTION ( 'NONE',  ( 0.0000000000000000000, -0.0000000000000000000, -1.000000000000000000 ) ) ;
#1308 = MECHANICAL_DESIGN_GEOMETRIC_PRESENTATION_REPRESENTATION (  '', ( #1340 ), #1277 ) ;
#1309 = FILL_AREA_STYLE ('',( #970 ) ) ;
#1310 = PRESENTATION_LAYER_ASSIGNMENT (  '', '', ( #1241 ) ) ;
#1311 = CARTESIAN_POINT ( 'NONE',  ( 0.0000000000000000000, 0.2751968503937007900, 0.1000000000000000100 ) ) ;
#1312 = VERTEX_POINT ( 'NONE', #1237 ) ;
#1313 = CARTESIAN_POINT ( 'NONE',  ( 0.3499999999999999800, 0.1999999999999999800, 0.1000000000000000100 ) ) ;
#1314 = ORIENTED_EDGE ( 'NONE', *, *, #942, .F. ) ;
#1315 = EDGE_CURVE ( 'NONE', #689, #1143, #1267, .T. ) ;
#1316 =( NAMED_UNIT ( * ) SI_UNIT ( $, .STERADIAN. ) SOLID_ANGLE_UNIT ( ) );
#1317 = ORIENTED_EDGE ( 'NONE', *, *, #608, .T. ) ;
#1318 = CARTESIAN_POINT ( 'NONE',  ( -0.3499999999999999800, -2.939152317953647400E-017, 0.1000000000000000100 ) ) ;
#1319 = CIRCLE ( 'NONE', #360, 0.008999999999999992400 ) ;
#1320 = VECTOR ( 'NONE', #578, 39.37007874015748100 ) ;
#1321 = VECTOR ( 'NONE', #1122, 39.37007874015748100 ) ;
#1322 = ORIENTED_EDGE ( 'NONE', *, *, #552, .F. ) ;
#1323 = FACE_OUTER_BOUND ( 'NONE', #969, .T. ) ;
#1324 = LINE ( 'NONE', #227, #1328 ) ;
#1325 = ORIENTED_EDGE ( 'NONE', *, *, #993, .T. ) ;
#1326 =( CONVERSION_BASED_UNIT ( 'INCH', #1075 ) LENGTH_UNIT ( ) NAMED_UNIT ( #803 ) );
#1327 = LINE ( 'NONE', #1358, #1382 ) ;
#1328 = VECTOR ( 'NONE', #91, 39.37007874015748100 ) ;
#1329 = DIRECTION ( 'NONE',  ( 0.0000000000000000000, 0.0000000000000000000, -1.000000000000000000 ) ) ;
#1330 = CARTESIAN_POINT ( 'NONE',  ( -0.1399999999999999900, 0.5989999999999999800, 0.05999999999999999800 ) ) ;
#1331 = CARTESIAN_POINT ( 'NONE',  ( -0.2380000000000000200, -3.414809992080329000E-017, 0.02024500000000002000 ) ) ;
#1332 = CARTESIAN_POINT ( 'NONE',  ( 0.1399999999999999900, 0.5999999999999999800, 0.05999999999999999800 ) ) ;
#1333 = CARTESIAN_POINT ( 'NONE',  ( 0.2380000000000000200, -0.2000000000000000100, -0.02024500000000002000 ) ) ;
#1334 = EDGE_CURVE ( 'NONE', #1429, #1160, #1283, .T. ) ;
#1335 = DIRECTION ( 'NONE',  ( -0.3813309229528950600, -0.9244386010979275300, -0.0000000000000000000 ) ) ;
#1336 = CARTESIAN_POINT ( 'NONE',  ( -0.1399999999999999900, 0.5999999999999999800, -0.05999999999999999800 ) ) ;
#1337 = PRESENTATION_LAYER_ASSIGNMENT (  '', '', ( #1340 ) ) ;
#1338 = CARTESIAN_POINT ( 'NONE',  ( 0.0000000000000000000, 0.5989999999999999800, 0.0000000000000000000 ) ) ;
#1339 = ADVANCED_FACE ( 'NONE', ( #1473 ), #1176, .F. ) ;
#1340 = STYLED_ITEM ( 'NONE', ( #349 ), #699 ) ;
#1341 = CARTESIAN_POINT ( 'NONE',  ( -0.2380000000000000200, -3.414809992080329000E-017, 0.0000000000000000000 ) ) ;
#1342 = ORIENTED_EDGE ( 'NONE', *, *, #769, .T. ) ;
#1343 = CARTESIAN_POINT ( 'NONE',  ( 0.3499999999999999800, -2.939152317953647400E-017, -0.1000000000000000100 ) ) ;
#1344 = DIRECTION ( 'NONE',  ( 0.0000000000000000000, -1.000000000000000000, 0.0000000000000000000 ) ) ;
#1345 = ORIENTED_EDGE ( 'NONE', *, *, #844, .F. ) ;
#1346 = VERTEX_POINT ( 'NONE', #611 ) ;
#1347 = CARTESIAN_POINT ( 'NONE',  ( 0.3499999999999999800, -2.939152317953647400E-017, 0.1000000000000000100 ) ) ;
#1348 = DIRECTION ( 'NONE',  ( 0.0000000000000000000, 1.000000000000000000, 0.0000000000000000000 ) ) ;
#1349 = ORIENTED_EDGE ( 'NONE', *, *, #1480, .T. ) ;
#1350 =( NAMED_UNIT ( * ) PLANE_ANGLE_UNIT ( ) SI_UNIT ( $, .RADIAN. ) );
#1351 = DIRECTION ( 'NONE',  ( 0.0000000000000000000, 0.0000000000000000000, 1.000000000000000000 ) ) ;
#1352 =( NAMED_UNIT ( * ) PLANE_ANGLE_UNIT ( ) SI_UNIT ( $, .RADIAN. ) );
#1353 =( GEOMETRIC_REPRESENTATION_CONTEXT ( 3 ) GLOBAL_UNCERTAINTY_ASSIGNED_CONTEXT ( ( #1097 ) ) GLOBAL_UNIT_ASSIGNED_CONTEXT ( ( #1326, #615, #1437 ) ) REPRESENTATION_CONTEXT ( 'NONE', 'WORKASPACE' ) );
#1354 = DIRECTION ( 'NONE',  ( 0.0000000000000000000, 0.0000000000000000000, -1.000000000000000000 ) ) ;
#1355 = CARTESIAN_POINT ( 'NONE',  ( 0.2380000000000000200, -0.2500000000000000600, 0.0000000000000000000 ) ) ;
#1356 = DIRECTION ( 'NONE',  ( -0.0000000000000000000, 1.000000000000000000, -0.0000000000000000000 ) ) ;
#1357 = EDGE_CURVE ( 'NONE', #1312, #407, #1430, .T. ) ;
#1358 = CARTESIAN_POINT ( 'NONE',  ( -0.06259842519685038200, 0.2751968503937007900, -0.1000000000000000100 ) ) ;
#1359 = CARTESIAN_POINT ( 'NONE',  ( -0.3499999999999999800, 0.1999999999999999800, 0.1000000000000000100 ) ) ;
#1360 = ORIENTED_EDGE ( 'NONE', *, *, #77, .T. ) ;
#1361 = ORIENTED_EDGE ( 'NONE', *, *, #211, .T. ) ;
#1362 = EDGE_CURVE ( 'NONE', #1422, #110, #1499, .T. ) ;
#1363 = COLOUR_RGB ( '',1.000000000000000000, 1.000000000000000000, 1.000000000000000000 ) ;
#1364 = VECTOR ( 'NONE', #1239, 39.37007874015748100 ) ;
#1365 = ORIENTED_EDGE ( 'NONE', *, *, #1050, .F. ) ;
#1366 = CARTESIAN_POINT ( 'NONE',  ( 0.2380000000000000200, -0.2000000000000000100, 0.0000000000000000000 ) ) ;
#1367 = ORIENTED_EDGE ( 'NONE', *, *, #742, .F. ) ;
#1368 = FACE_OUTER_BOUND ( 'NONE', #802, .T. ) ;
#1369 = FACE_BOUND ( 'NONE', #624, .T. ) ;
#1370 = AXIS2_PLACEMENT_3D ( 'NONE', #517, #499, #417 ) ;
#1371 = DIRECTION ( 'NONE',  ( 0.0000000000000000000, 0.0000000000000000000, 1.000000000000000000 ) ) ;
#1372 = ADVANCED_FACE ( 'NONE', ( #1449 ), #974, .F. ) ;
#1373 = DIRECTION ( 'NONE',  ( 0.0000000000000000000, 0.0000000000000000000, 1.000000000000000000 ) ) ;
#1374 =( CONVERSION_BASED_UNIT ( 'INCH', #470 ) LENGTH_UNIT ( ) NAMED_UNIT ( #1258 ) );
#1375 = FACE_OUTER_BOUND ( 'NONE', #276, .T. ) ;
#1376 = ORIENTED_EDGE ( 'NONE', *, *, #983, .T. ) ;
#1377 = UNCERTAINTY_MEASURE_WITH_UNIT (LENGTH_MEASURE( 1.000000000000000100E-005 ), #867, 'distance_accuracy_value', 'NONE');
#1378 = CARTESIAN_POINT ( 'NONE',  ( -0.06259842519685036900, 0.1499999999999999900, -0.1000000000000000100 ) ) ;
#1379 = ORIENTED_EDGE ( 'NONE', *, *, #211, .F. ) ;
#1380 = VERTEX_POINT ( 'NONE', #1083 ) ;
#1381 = SURFACE_STYLE_FILL_AREA ( #1309 ) ;
#1382 = VECTOR ( 'NONE', #656, 39.37007874015748100 ) ;
#1383 = EDGE_CURVE ( 'NONE', #312, #1154, #963, .T. ) ;
#1384 = EDGE_LOOP ( 'NONE', ( #1484, #1424, #1028, #1345 ) ) ;
#1385 = DIMENSIONAL_EXPONENTS ( 1.000000000000000000, 0.0000000000000000000, 0.0000000000000000000, 0.0000000000000000000, 0.0000000000000000000, 0.0000000000000000000, 0.0000000000000000000 ) ;
#1386 = EDGE_CURVE ( 'NONE', #560, #312, #922, .T. ) ;
#1387 = EDGE_LOOP ( 'NONE', ( #574, #15, #1102, #148 ) ) ;
#1388 = ORIENTED_EDGE ( 'NONE', *, *, #863, .T. ) ;
#1389 = MECHANICAL_DESIGN_GEOMETRIC_PRESENTATION_REPRESENTATION (  '', ( #1241 ), #1477 ) ;
#1390 = CIRCLE ( 'NONE', #659, 0.02024499999999998500 ) ;
#1391 = FACE_OUTER_BOUND ( 'NONE', #456, .T. ) ;
#1392 = ORIENTED_EDGE ( 'NONE', *, *, #657, .T. ) ;
#1393 = VERTEX_POINT ( 'NONE', #747 ) ;
#1394 = EDGE_CURVE ( 'NONE', #336, #560, #668, .T. ) ;
#1395 = DIRECTION ( 'NONE',  ( 0.0000000000000000000, 0.0000000000000000000, -1.000000000000000000 ) ) ;
#1396 =( GEOMETRIC_REPRESENTATION_CONTEXT ( 3 ) GLOBAL_UNCERTAINTY_ASSIGNED_CONTEXT ( ( #128 ) ) GLOBAL_UNIT_ASSIGNED_CONTEXT ( ( #973, #267, #1079 ) ) REPRESENTATION_CONTEXT ( 'NONE', 'WORKASPACE' ) );
#1397 = DIRECTION ( 'NONE',  ( -0.0000000000000000000, -1.000000000000000000, 0.0000000000000000000 ) ) ;
#1398 = EDGE_CURVE ( 'NONE', #1154, #336, #902, .T. ) ;
#1399 = ADVANCED_FACE ( 'NONE', ( #873 ), #988, .T. ) ;
#1400 =( LENGTH_UNIT ( ) NAMED_UNIT ( * ) SI_UNIT ( $, .METRE. ) );
#1401 = CIRCLE ( 'NONE', #703, 0.02024499999999998900 ) ;
#1402 = ORIENTED_EDGE ( 'NONE', *, *, #993, .F. ) ;
#1403 = VERTEX_POINT ( 'NONE', #170 ) ;
#1404 = AXIS2_PLACEMENT_3D ( 'NONE', #1288, #1134, #1133 ) ;
#1405 = VECTOR ( 'NONE', #5, 39.37007874015748100 ) ;
#1406 = ORIENTED_EDGE ( 'NONE', *, *, #1271, .T. ) ;
#1407 = DIRECTION ( 'NONE',  ( -1.000000000000000000, 0.0000000000000000000, 0.0000000000000000000 ) ) ;
#1408 = CIRCLE ( 'NONE', #683, 0.008999999999999992400 ) ;
#1409 = SURFACE_STYLE_FILL_AREA ( #25 ) ;
#1410 = SURFACE_STYLE_FILL_AREA ( #909 ) ;
#1411 = AXIS2_PLACEMENT_3D ( 'NONE', #811, #773, #765 ) ;
#1412 = ORIENTED_EDGE ( 'NONE', *, *, #1463, .T. ) ;
#1413 = CARTESIAN_POINT ( 'NONE',  ( 0.1399999999999999900, 0.5989999999999999800, 0.05999999999999999800 ) ) ;
#1414 =( LENGTH_UNIT ( ) NAMED_UNIT ( * ) SI_UNIT ( $, .METRE. ) );
#1415 = DIRECTION ( 'NONE',  ( -0.0000000000000000000, 1.000000000000000000, -0.0000000000000000000 ) ) ;
#1416 = DIRECTION ( 'NONE',  ( 0.0000000000000000000, 0.0000000000000000000, 1.000000000000000000 ) ) ;
#1417 =( NAMED_UNIT ( * ) SI_UNIT ( $, .STERADIAN. ) SOLID_ANGLE_UNIT ( ) );
#1418 = SURFACE_STYLE_USAGE ( .BOTH. , #1420 ) ;
#1419 = EDGE_CURVE ( 'NONE', #613, #782, #852, .T. ) ;
#1420 = SURFACE_SIDE_STYLE ('',( #674 ) ) ;
#1421 = ORIENTED_EDGE ( 'NONE', *, *, #1152, .F. ) ;
#1422 = VERTEX_POINT ( 'NONE', #175 ) ;
#1423 = CARTESIAN_POINT ( 'NONE',  ( 0.01999999999999998700, 0.5999999999999999800, 0.05999999999999999800 ) ) ;
#1424 = ORIENTED_EDGE ( 'NONE', *, *, #527, .T. ) ;
#1425 = LINE ( 'NONE', #1181, #1405 ) ;
#1426 = FACE_BOUND ( 'NONE', #1141, .T. ) ;
#1427 = LENGTH_MEASURE_WITH_UNIT ( LENGTH_MEASURE( 0.02539999999999999900 ), #1127 );
#1428 = FACE_BOUND ( 'NONE', #619, .T. ) ;
#1429 = VERTEX_POINT ( 'NONE', #751 ) ;
#1430 = LINE ( 'NONE', #1313, #1161 ) ;
#1431 = SURFACE_STYLE_USAGE ( .BOTH. , #609 ) ;
#1432 = DIRECTION ( 'NONE',  ( -1.000000000000000000, 0.0000000000000000000, 0.0000000000000000000 ) ) ;
#1433 = EDGE_LOOP ( 'NONE', ( #185, #919 ) ) ;
#1434 = DIRECTION ( 'NONE',  ( -0.0000000000000000000, -0.0000000000000000000, -1.000000000000000000 ) ) ;
#1435 = EDGE_CURVE ( 'NONE', #977, #613, #812, .T. ) ;
#1436 = FILL_AREA_STYLE ('',( #1200 ) ) ;
#1437 =( NAMED_UNIT ( * ) SI_UNIT ( $, .STERADIAN. ) SOLID_ANGLE_UNIT ( ) );
#1438 = STYLED_ITEM ( 'NONE', ( #528 ), #673 ) ;
#1439 = SURFACE_SIDE_STYLE ('',( #239 ) ) ;
#1440 = DIRECTION ( 'NONE',  ( 0.0000000000000000000, 0.0000000000000000000, 1.000000000000000000 ) ) ;
#1441 = VERTEX_POINT ( 'NONE', #879 ) ;
#1442 = CYLINDRICAL_SURFACE ( 'NONE', #796, 0.02024500000000002000 ) ;
#1443 =( NAMED_UNIT ( * ) PLANE_ANGLE_UNIT ( ) SI_UNIT ( $, .RADIAN. ) );
#1444 = FACE_BOUND ( 'NONE', #607, .T. ) ;
#1445 = ADVANCED_FACE ( 'NONE', ( #855, #1002 ), #510, .T. ) ;
#1446 = VECTOR ( 'NONE', #1335, 39.37007874015748900 ) ;
#1447 = CYLINDRICAL_SURFACE ( 'NONE', #376, 0.008999999999999992400 ) ;
#1448 = CARTESIAN_POINT ( 'NONE',  ( -0.1399999999999999900, 0.5999999999999999800, 0.05999999999999999800 ) ) ;
#1449 = FACE_OUTER_BOUND ( 'NONE', #149, .T. ) ;
#1450 = STYLED_ITEM ( 'NONE', ( #232 ), #1177 ) ;
#1451 = ORIENTED_EDGE ( 'NONE', *, *, #561, .F. ) ;
#1452 = DIRECTION ( 'NONE',  ( 0.0000000000000000000, 0.0000000000000000000, 1.000000000000000000 ) ) ;
#1453 = CARTESIAN_POINT ( 'NONE',  ( -0.1399999999999999900, 0.5999999999999999800, -0.05999999999999999800 ) ) ;
#1454 =( NAMED_UNIT ( * ) SI_UNIT ( $, .STERADIAN. ) SOLID_ANGLE_UNIT ( ) );
#1455 = EDGE_CURVE ( 'NONE', #735, #977, #801, .T. ) ;
#1456 = ADVANCED_FACE ( 'NONE', ( #736 ), #883, .T. ) ;
#1457 = DIRECTION ( 'NONE',  ( 0.0000000000000000000, -1.000000000000000000, 0.0000000000000000000 ) ) ;
#1458 = DIRECTION ( 'NONE',  ( -0.0000000000000000000, 1.000000000000000000, -0.0000000000000000000 ) ) ;
#1459 =( CONVERSION_BASED_UNIT ( 'INCH', #1041 ) LENGTH_UNIT ( ) NAMED_UNIT ( #923 ) );
#1460 = CARTESIAN_POINT ( 'NONE',  ( 0.1399999999999999900, 0.5989999999999999800, -0.05999999999999999800 ) ) ;
#1461 = ORIENTED_EDGE ( 'NONE', *, *, #697, .F. ) ;
#1462 = PLANE ( 'NONE',  #956 ) ;
#1463 = EDGE_CURVE ( 'NONE', #782, #735, #471, .T. ) ;
#1464 = ORIENTED_EDGE ( 'NONE', *, *, #566, .T. ) ;
#1465 =( NAMED_UNIT ( * ) PLANE_ANGLE_UNIT ( ) SI_UNIT ( $, .RADIAN. ) );
#1466 = ORIENTED_EDGE ( 'NONE', *, *, #1270, .F. ) ;
#1467 = CIRCLE ( 'NONE', #730, 0.008999999999999992400 ) ;
#1468 = LINE ( 'NONE', #216, #1487 ) ;
#1469 = VECTOR ( 'NONE', #518, 39.37007874015748100 ) ;
#1470 = CARTESIAN_POINT ( 'NONE',  ( 0.1380000000000000100, -0.2000000000000000100, 0.008999999999999992400 ) ) ;
#1471 = FACE_BOUND ( 'NONE', #1034, .T. ) ;
#1472 = VERTEX_POINT ( 'NONE', #1229 ) ;
#1473 = FACE_OUTER_BOUND ( 'NONE', #816, .T. ) ;
#1474 = ORIENTED_EDGE ( 'NONE', *, *, #1060, .F. ) ;
#1475 = CARTESIAN_POINT ( 'NONE',  ( 0.06259842519685036900, 0.1499999999999999900, 0.1000000000000000100 ) ) ;
#1476 =( CONVERSION_BASED_UNIT ( 'INCH', #365 ) LENGTH_UNIT ( ) NAMED_UNIT ( #1489 ) );
#1477 =( GEOMETRIC_REPRESENTATION_CONTEXT ( 3 ) GLOBAL_UNCERTAINTY_ASSIGNED_CONTEXT ( ( #1 ) ) GLOBAL_UNIT_ASSIGNED_CONTEXT ( ( #1131, #429, #1245 ) ) REPRESENTATION_CONTEXT ( 'NONE', 'WORKASPACE' ) );
#1478 = FILL_AREA_STYLE ('',( #536 ) ) ;
#1479 =( LENGTH_UNIT ( ) NAMED_UNIT ( * ) SI_UNIT ( $, .METRE. ) );
#1480 = EDGE_CURVE ( 'NONE', #554, #741, #428, .T. ) ;
#1481 = PRODUCT_CONTEXT ( 'NONE', #789, 'mechanical' ) ;
#1482 =( LENGTH_UNIT ( ) NAMED_UNIT ( * ) SI_UNIT ( $, .METRE. ) );
#1483 = ORIENTED_EDGE ( 'NONE', *, *, #723, .F. ) ;
#1484 = ORIENTED_EDGE ( 'NONE', *, *, #514, .F. ) ;
#1485 = ORIENTED_EDGE ( 'NONE', *, *, #1394, .F. ) ;
#1486 = EDGE_CURVE ( 'NONE', #1173, #613, #455, .T. ) ;
#1487 = VECTOR ( 'NONE', #152, 39.37007874015748100 ) ;
#1488 = VERTEX_POINT ( 'NONE', #653 ) ;
#1489 = DIMENSIONAL_EXPONENTS ( 1.000000000000000000, 0.0000000000000000000, 0.0000000000000000000, 0.0000000000000000000, 0.0000000000000000000, 0.0000000000000000000, 0.0000000000000000000 ) ;
#1490 = ORIENTED_EDGE ( 'NONE', *, *, #1255, .T. ) ;
#1491 = SURFACE_STYLE_USAGE ( .BOTH. , #1517 ) ;
#1492 = VECTOR ( 'NONE', #1415, 39.37007874015748100 ) ;
#1493 = FACE_OUTER_BOUND ( 'NONE', #797, .T. ) ;
#1494 = FACE_OUTER_BOUND ( 'NONE', #903, .T. ) ;
#1495 =( GEOMETRIC_REPRESENTATION_CONTEXT ( 3 ) GLOBAL_UNCERTAINTY_ASSIGNED_CONTEXT ( ( #355 ) ) GLOBAL_UNIT_ASSIGNED_CONTEXT ( ( #1374, #1352, #1316 ) ) REPRESENTATION_CONTEXT ( 'NONE', 'WORKASPACE' ) );
#1496 = SURFACE_STYLE_USAGE ( .BOTH. , #74 ) ;
#1497 = ORIENTED_EDGE ( 'NONE', *, *, #1163, .F. ) ;
#1498 = FACE_OUTER_BOUND ( 'NONE', #206, .T. ) ;
#1499 = LINE ( 'NONE', #263, #1234 ) ;
#1500 = EDGE_CURVE ( 'NONE', #1488, #530, #486, .T. ) ;
#1501 = FACE_OUTER_BOUND ( 'NONE', #1304, .T. ) ;
#1502 = VERTEX_POINT ( 'NONE', #196 ) ;
#1503 = CIRCLE ( 'NONE', #887, 0.06259842519685036900 ) ;
#1504 = ORIENTED_EDGE ( 'NONE', *, *, #983, .F. ) ;
#1505 = EDGE_CURVE ( 'NONE', #1441, #280, #381, .T. ) ;
#1506 = DIRECTION ( 'NONE',  ( -1.000000000000000000, 0.0000000000000000000, -0.0000000000000000000 ) ) ;
#1507 = AXIS2_PLACEMENT_3D ( 'NONE', #1311, #610, #1432 ) ;
#1508 = MECHANICAL_DESIGN_GEOMETRIC_PRESENTATION_REPRESENTATION (  '', ( #1438 ), #1495 ) ;
#1509 = CARTESIAN_POINT ( 'NONE',  ( 0.2380000000000000200, -0.2500000000000000600, 0.0000000000000000000 ) ) ;
#1510 = CYLINDRICAL_SURFACE ( 'NONE', #451, 0.02024500000000002000 ) ;
#1511 = ADVANCED_FACE ( 'NONE', ( #1368 ), #343, .T. ) ;
#1512 = EDGE_LOOP ( 'NONE', ( #1261, #577, #1148, #1376 ) ) ;
#1513 = PLANE ( 'NONE',  #1404 ) ;
#1514 = CARTESIAN_POINT ( 'NONE',  ( -0.2380000000000000200, -0.2000000000000000100, 0.0000000000000000000 ) ) ;
#1515 =( NAMED_UNIT ( * ) PLANE_ANGLE_UNIT ( ) SI_UNIT ( $, .RADIAN. ) );
#1516 = FACE_OUTER_BOUND ( 'NONE', #30, .T. ) ;
#1517 = SURFACE_SIDE_STYLE ('',( #1409 ) ) ;
#1518 = ADVANCED_FACE ( 'NONE', ( #379 ), #778, .F. ) ;
#1519 = DIRECTION ( 'NONE',  ( -0.0000000000000000000, -1.000000000000000000, 0.0000000000000000000 ) ) ;
#1520 = AXIS2_PLACEMENT_3D ( 'NONE', #491, #165, #980 ) ;
#1521 = PLANE ( 'NONE',  #49 ) ;
ENDSEC;
END-ISO-10303-21;
